STORAGE_GEN_TPS_1,STORAGE_GEN_TPS_2,StateOfCharge
Anhui-Battery_Storage-11177,2040.06.26.00,-0.0
Anhui-Battery_Storage-11177,2040.06.26.04,-0.0
Anhui-Battery_Storage-11177,2040.06.26.08,0.0
Anhui-Battery_Storage-11177,2040.06.26.12,-0.0
Anhui-Battery_Storage-11177,2040.06.26.16,-0.0
Anhui-Battery_Storage-11177,2040.06.26.20,-0.0
Anhui-Battery_Storage-11177,2040.12.19.00,0.0
Anhui-Battery_Storage-11177,2040.12.19.04,-0.0
Anhui-Battery_Storage-11177,2040.12.19.08,-0.0
Anhui-Battery_Storage-11177,2040.12.19.12,0.0
Anhui-Battery_Storage-11177,2040.12.19.16,0.0
Anhui-Battery_Storage-11177,2040.12.19.20,0.0
Anhui-Battery_Storage-11177,2050.06.12.00,-0.0
Anhui-Battery_Storage-11177,2050.06.12.04,0.0
Anhui-Battery_Storage-11177,2050.06.12.08,-0.0
Anhui-Battery_Storage-11177,2050.06.12.12,-0.0
Anhui-Battery_Storage-11177,2050.06.12.16,-0.0
Anhui-Battery_Storage-11177,2050.06.12.20,-0.0
Anhui-Battery_Storage-11177,2050.12.12.00,0.0
Anhui-Battery_Storage-11177,2050.12.12.04,0.0
Anhui-Battery_Storage-11177,2050.12.12.08,0.0
Anhui-Battery_Storage-11177,2050.12.12.12,-0.0
Anhui-Battery_Storage-11177,2050.12.12.16,-0.0
Anhui-Battery_Storage-11177,2050.12.12.20,0.0
Anhui-Hydro_Pumped-ep-35020,2040.06.26.00,0.0
Anhui-Hydro_Pumped-ep-35020,2040.06.26.04,58.36550288982059
Anhui-Hydro_Pumped-ep-35020,2040.06.26.08,116.7310057796412
Anhui-Hydro_Pumped-ep-35020,2040.06.26.12,175.0965086694618
Anhui-Hydro_Pumped-ep-35020,2040.06.26.16,106.4312111520258
Anhui-Hydro_Pumped-ep-35020,2040.06.26.20,68.665297517436
Anhui-Hydro_Pumped-ep-35020,2040.12.19.00,0.0
Anhui-Hydro_Pumped-ep-35020,2040.12.19.04,13.58603689246011
Anhui-Hydro_Pumped-ep-35020,2040.12.19.08,27.17207378492023
Anhui-Hydro_Pumped-ep-35020,2040.12.19.12,40.75811067738034
Anhui-Hydro_Pumped-ep-35020,2040.12.19.16,24.77453786272138
Anhui-Hydro_Pumped-ep-35020,2040.12.19.20,8.790965048062425
Anhui-Hydro_Pumped-ep-35020,2050.06.12.00,68.665297517436
Anhui-Hydro_Pumped-ep-35020,2050.06.12.04,0.0
Anhui-Hydro_Pumped-ep-35020,2050.06.12.08,103.2512
Anhui-Hydro_Pumped-ep-35020,2050.06.12.12,206.5024
Anhui-Hydro_Pumped-ep-35020,2050.06.12.16,205.995892552308
Anhui-Hydro_Pumped-ep-35020,2050.06.12.20,137.330595034872
Anhui-Hydro_Pumped-ep-35020,2050.12.12.00,0.0
Anhui-Hydro_Pumped-ep-35020,2050.12.12.04,13.58603689246011
Anhui-Hydro_Pumped-ep-35020,2050.12.12.08,27.17207378492023
Anhui-Hydro_Pumped-ep-35020,2050.12.12.12,40.75811067738034
Anhui-Hydro_Pumped-ep-35020,2050.12.12.16,31.96714562931792
Anhui-Hydro_Pumped-ep-35020,2050.12.12.20,15.98357281465896
Anhui-Hydro_Pumped-ep-35027,2040.06.26.00,0.0
Anhui-Hydro_Pumped-ep-35027,2040.06.26.04,437.7412716736561
Anhui-Hydro_Pumped-ep-35027,2040.06.26.08,875.4825433473122
Anhui-Hydro_Pumped-ep-35027,2040.06.26.12,1313.223815020968
Anhui-Hydro_Pumped-ep-35027,2040.06.26.16,798.2340836401962
Anhui-Hydro_Pumped-ep-35027,2040.06.26.20,514.989731380772
Anhui-Hydro_Pumped-ep-35027,2040.12.19.00,0.0
Anhui-Hydro_Pumped-ep-35027,2040.12.19.04,101.8952766934511
Anhui-Hydro_Pumped-ep-35027,2040.12.19.08,203.7905533869021
Anhui-Hydro_Pumped-ep-35027,2040.12.19.12,305.6858300803532
Anhui-Hydro_Pumped-ep-35027,2040.12.19.16,185.8090339704108
Anhui-Hydro_Pumped-ep-35027,2040.12.19.20,65.93223786046838
Anhui-Hydro_Pumped-ep-35027,2050.06.12.00,514.989731380772
Anhui-Hydro_Pumped-ep-35027,2050.06.12.04,0.0
Anhui-Hydro_Pumped-ep-35027,2050.06.12.08,774.384
Anhui-Hydro_Pumped-ep-35027,2050.06.12.12,1548.768
Anhui-Hydro_Pumped-ep-35027,2050.06.12.16,1544.969194142316
Anhui-Hydro_Pumped-ep-35027,2050.06.12.20,1029.979462761544
Anhui-Hydro_Pumped-ep-35027,2050.12.12.00,0.0
Anhui-Hydro_Pumped-ep-35027,2050.12.12.04,101.8952766934511
Anhui-Hydro_Pumped-ep-35027,2050.12.12.08,203.7905533869021
Anhui-Hydro_Pumped-ep-35027,2050.12.12.12,305.6858300803532
Anhui-Hydro_Pumped-ep-35027,2050.12.12.16,239.7535922198848
Anhui-Hydro_Pumped-ep-35027,2050.12.12.20,119.8767961099424
Anhui-Hydro_Pumped-ep-35039,2040.06.26.00,0.0
Anhui-Hydro_Pumped-ep-35039,2040.06.26.04,1313.223815020965
Anhui-Hydro_Pumped-ep-35039,2040.06.26.08,2626.44763004193
Anhui-Hydro_Pumped-ep-35039,2040.06.26.12,3939.671445062895
Anhui-Hydro_Pumped-ep-35039,2040.06.26.16,2394.702250920583
Anhui-Hydro_Pumped-ep-35039,2040.06.26.20,1544.969194142312
Anhui-Hydro_Pumped-ep-35039,2040.12.19.00,0.0
Anhui-Hydro_Pumped-ep-35039,2040.12.19.04,305.6858300803528
Anhui-Hydro_Pumped-ep-35039,2040.12.19.08,611.3716601607057
Anhui-Hydro_Pumped-ep-35039,2040.12.19.12,917.0574902410585
Anhui-Hydro_Pumped-ep-35039,2040.12.19.16,557.4271019112317
Anhui-Hydro_Pumped-ep-35039,2040.12.19.20,197.7967135814049
Anhui-Hydro_Pumped-ep-35039,2050.06.12.00,1544.969194142312
Anhui-Hydro_Pumped-ep-35039,2050.06.12.04,0.0
Anhui-Hydro_Pumped-ep-35039,2050.06.12.08,2323.151999999999
Anhui-Hydro_Pumped-ep-35039,2050.06.12.12,4646.303999999998
Anhui-Hydro_Pumped-ep-35039,2050.06.12.16,4634.907582426937
Anhui-Hydro_Pumped-ep-35039,2050.06.12.20,3089.938388284624
Anhui-Hydro_Pumped-ep-35039,2050.12.12.00,0.0
Anhui-Hydro_Pumped-ep-35039,2050.12.12.04,305.6858300803528
Anhui-Hydro_Pumped-ep-35039,2050.12.12.08,611.3716601607057
Anhui-Hydro_Pumped-ep-35039,2050.12.12.12,917.0574902410585
Anhui-Hydro_Pumped-ep-35039,2050.12.12.16,719.2607766596536
Anhui-Hydro_Pumped-ep-35039,2050.12.12.20,359.6303883298268
Anhui-Hydro_Pumped-ep-35040,2040.06.26.00,0.0
Anhui-Hydro_Pumped-ep-35040,2040.06.26.04,875.482543347309
Anhui-Hydro_Pumped-ep-35040,2040.06.26.08,1750.965086694618
Anhui-Hydro_Pumped-ep-35040,2040.06.26.12,2626.447630041927
Anhui-Hydro_Pumped-ep-35040,2040.06.26.16,1596.468167280387
Anhui-Hydro_Pumped-ep-35040,2040.06.26.20,1029.97946276154
Anhui-Hydro_Pumped-ep-35040,2040.12.19.00,0.0
Anhui-Hydro_Pumped-ep-35040,2040.12.19.04,203.7905533869018
Anhui-Hydro_Pumped-ep-35040,2040.12.19.08,407.5811067738035
Anhui-Hydro_Pumped-ep-35040,2040.12.19.12,611.3716601607052
Anhui-Hydro_Pumped-ep-35040,2040.12.19.16,371.6180679408208
Anhui-Hydro_Pumped-ep-35040,2040.12.19.20,131.8644757209364
Anhui-Hydro_Pumped-ep-35040,2050.06.12.00,1029.97946276154
Anhui-Hydro_Pumped-ep-35040,2050.06.12.04,0.0
Anhui-Hydro_Pumped-ep-35040,2050.06.12.08,1548.768
Anhui-Hydro_Pumped-ep-35040,2050.06.12.12,3097.536
Anhui-Hydro_Pumped-ep-35040,2050.06.12.16,3089.93838828462
Anhui-Hydro_Pumped-ep-35040,2050.06.12.20,2059.95892552308
Anhui-Hydro_Pumped-ep-35040,2050.12.12.00,0.0
Anhui-Hydro_Pumped-ep-35040,2050.12.12.04,203.7905533869018
Anhui-Hydro_Pumped-ep-35040,2050.12.12.08,407.5811067738035
Anhui-Hydro_Pumped-ep-35040,2050.12.12.12,611.3716601607052
Anhui-Hydro_Pumped-ep-35040,2050.12.12.16,479.5071844397688
Anhui-Hydro_Pumped-ep-35040,2050.12.12.20,239.7535922198844
Fujian-Battery_Storage-11178,2040.06.26.00,0.0
Fujian-Battery_Storage-11178,2040.06.26.04,0.0
Fujian-Battery_Storage-11178,2040.06.26.08,-0.0
Fujian-Battery_Storage-11178,2040.06.26.12,-0.0
Fujian-Battery_Storage-11178,2040.06.26.16,-0.0
Fujian-Battery_Storage-11178,2040.06.26.20,0.0
Fujian-Battery_Storage-11178,2040.12.19.00,0.0
Fujian-Battery_Storage-11178,2040.12.19.04,0.0
Fujian-Battery_Storage-11178,2040.12.19.08,-0.0
Fujian-Battery_Storage-11178,2040.12.19.12,-0.0
Fujian-Battery_Storage-11178,2040.12.19.16,-0.0
Fujian-Battery_Storage-11178,2040.12.19.20,-0.0
Fujian-Battery_Storage-11178,2050.06.12.00,5597.130120730668
Fujian-Battery_Storage-11178,2050.06.12.04,0.0
Fujian-Battery_Storage-11178,2050.06.12.08,28875.87670425919
Fujian-Battery_Storage-11178,2050.06.12.12,57879.86083383059
Fujian-Battery_Storage-11178,2050.06.12.16,20065.01842239461
Fujian-Battery_Storage-11178,2050.06.12.20,7584.313715856566
Fujian-Battery_Storage-11178,2050.12.12.00,0.0
Fujian-Battery_Storage-11178,2050.12.12.04,-0.0
Fujian-Battery_Storage-11178,2050.12.12.08,-0.0
Fujian-Battery_Storage-11178,2050.12.12.12,29003.9841295714
Fujian-Battery_Storage-11178,2050.12.12.16,29003.9841295714
Fujian-Battery_Storage-11178,2050.12.12.20,-0.0
Fujian-Hydro_Pumped-ep-35041,2040.06.26.00,1200.842067354892
Fujian-Hydro_Pumped-ep-35041,2040.06.26.04,0.0
Fujian-Hydro_Pumped-ep-35041,2040.06.26.08,1806.896
Fujian-Hydro_Pumped-ep-35041,2040.06.26.12,2827.611757251658
Fujian-Hydro_Pumped-ep-35041,2040.06.26.16,3602.526202064676
Fujian-Hydro_Pumped-ep-35041,2040.06.26.20,2401.684134709784
Fujian-Hydro_Pumped-ep-35041,2040.12.19.00,0.0
Fujian-Hydro_Pumped-ep-35041,2040.12.19.04,238.4884969069938
Fujian-Hydro_Pumped-ep-35041,2040.12.19.08,476.9769938139875
Fujian-Hydro_Pumped-ep-35041,2040.12.19.12,715.4654907209813
Fujian-Hydro_Pumped-ep-35041,2040.12.19.16,561.149404487044
Fujian-Hydro_Pumped-ep-35041,2040.12.19.20,280.574702243522
Fujian-Hydro_Pumped-ep-35041,2050.06.12.00,1020.715757251658
Fujian-Hydro_Pumped-ep-35041,2050.06.12.04,2041.431514503316
Fujian-Hydro_Pumped-ep-35041,2050.06.12.08,3848.327514503315
Fujian-Hydro_Pumped-ep-35041,2050.06.12.12,5655.223514503316
Fujian-Hydro_Pumped-ep-35041,2050.06.12.16,340.8235145033159
Fujian-Hydro_Pumped-ep-35041,2050.06.12.20,0.0
Fujian-Hydro_Pumped-ep-35041,2050.12.12.00,280.574702243522
Fujian-Hydro_Pumped-ep-35041,2050.12.12.04,0.0
Fujian-Hydro_Pumped-ep-35041,2050.12.12.08,238.4884969069938
Fujian-Hydro_Pumped-ep-35041,2050.12.12.12,1122.298808974088
Fujian-Hydro_Pumped-ep-35041,2050.12.12.16,841.724106730566
Fujian-Hydro_Pumped-ep-35041,2050.12.12.20,561.149404487044
Jiangsu-Battery_Storage-11179,2040.06.26.00,0.0
Jiangsu-Battery_Storage-11179,2040.06.26.04,-0.0
Jiangsu-Battery_Storage-11179,2040.06.26.08,-0.0
Jiangsu-Battery_Storage-11179,2040.06.26.12,-0.0
Jiangsu-Battery_Storage-11179,2040.06.26.16,0.0
Jiangsu-Battery_Storage-11179,2040.06.26.20,-0.0
Jiangsu-Battery_Storage-11179,2040.12.19.00,0.0
Jiangsu-Battery_Storage-11179,2040.12.19.04,-0.0
Jiangsu-Battery_Storage-11179,2040.12.19.08,-0.0
Jiangsu-Battery_Storage-11179,2040.12.19.12,-0.0
Jiangsu-Battery_Storage-11179,2040.12.19.16,0.0
Jiangsu-Battery_Storage-11179,2040.12.19.20,-0.0
Jiangsu-Battery_Storage-11179,2050.06.12.00,0.0
Jiangsu-Battery_Storage-11179,2050.06.12.04,0.0
Jiangsu-Battery_Storage-11179,2050.06.12.08,135809.1311186708
Jiangsu-Battery_Storage-11179,2050.06.12.12,272220.7775583374
Jiangsu-Battery_Storage-11179,2050.06.12.16,272220.7775583374
Jiangsu-Battery_Storage-11179,2050.06.12.20,94369.86955355699
Jiangsu-Battery_Storage-11179,2050.12.12.00,-0.0
Jiangsu-Battery_Storage-11179,2050.12.12.04,-0.0
Jiangsu-Battery_Storage-11179,2050.12.12.08,90713.73239846407
Jiangsu-Battery_Storage-11179,2050.12.12.12,177850.9080047805
Jiangsu-Battery_Storage-11179,2050.12.12.16,0.0
Jiangsu-Battery_Storage-11179,2050.12.12.20,-0.0
Jiangsu-Hydro_Pumped-ep-35005,2040.06.26.00,0.0
Jiangsu-Hydro_Pumped-ep-35005,2040.06.26.04,796.5960666288663
Jiangsu-Hydro_Pumped-ep-35005,2040.06.26.08,1593.192133257733
Jiangsu-Hydro_Pumped-ep-35005,2040.06.26.12,2389.788199886599
Jiangsu-Hydro_Pumped-ep-35005,2040.06.26.16,1874.343686185568
Jiangsu-Hydro_Pumped-ep-35005,2040.06.26.20,937.171843092784
Jiangsu-Hydro_Pumped-ep-35005,2040.12.19.00,372.4024960613456
Jiangsu-Hydro_Pumped-ep-35005,2040.12.19.04,558.6037440920185
Jiangsu-Hydro_Pumped-ep-35005,2040.12.19.08,1021.590631087207
Jiangsu-Hydro_Pumped-ep-35005,2040.12.19.12,1207.79187911788
Jiangsu-Hydro_Pumped-ep-35005,2040.12.19.16,0.0
Jiangsu-Hydro_Pumped-ep-35005,2040.12.19.20,186.2012480306728
Jiangsu-Hydro_Pumped-ep-35005,2050.06.12.00,937.171843092784
Jiangsu-Hydro_Pumped-ep-35005,2050.06.12.04,0.0
Jiangsu-Hydro_Pumped-ep-35005,2050.06.12.08,1409.895136
Jiangsu-Hydro_Pumped-ep-35005,2050.06.12.12,2819.790272
Jiangsu-Hydro_Pumped-ep-35005,2050.06.12.16,2811.515529278352
Jiangsu-Hydro_Pumped-ep-35005,2050.06.12.20,1874.343686185568
Jiangsu-Hydro_Pumped-ep-35005,2050.12.12.00,372.4024960613456
Jiangsu-Hydro_Pumped-ep-35005,2050.12.12.04,558.6037440920185
Jiangsu-Hydro_Pumped-ep-35005,2050.12.12.08,1021.590631087207
Jiangsu-Hydro_Pumped-ep-35005,2050.12.12.12,1207.79187911788
Jiangsu-Hydro_Pumped-ep-35005,2050.12.12.16,0.0
Jiangsu-Hydro_Pumped-ep-35005,2050.12.12.20,186.2012480306728
Jiangsu-Hydro_Pumped-ep-35022,2040.06.26.00,0.0
Jiangsu-Hydro_Pumped-ep-35022,2040.06.26.04,72.92164652406318
Jiangsu-Hydro_Pumped-ep-35022,2040.06.26.08,145.8432930481264
Jiangsu-Hydro_Pumped-ep-35022,2040.06.26.12,218.7649395721895
Jiangsu-Hydro_Pumped-ep-35022,2040.06.26.16,171.5803447625016
Jiangsu-Hydro_Pumped-ep-35022,2040.06.26.20,85.7901723812508
Jiangsu-Hydro_Pumped-ep-35022,2040.12.19.00,34.09030538825944
Jiangsu-Hydro_Pumped-ep-35022,2040.12.19.04,51.13545808238916
Jiangsu-Hydro_Pumped-ep-35022,2040.12.19.08,93.51799991644143
Jiangsu-Hydro_Pumped-ep-35022,2040.12.19.12,110.5631526105711
Jiangsu-Hydro_Pumped-ep-35022,2040.12.19.16,0.0
Jiangsu-Hydro_Pumped-ep-35022,2040.12.19.20,17.04515269412972
Jiangsu-Hydro_Pumped-ep-35022,2050.06.12.00,85.7901723812508
Jiangsu-Hydro_Pumped-ep-35022,2050.06.12.04,0.0
Jiangsu-Hydro_Pumped-ep-35022,2050.06.12.08,129.064
Jiangsu-Hydro_Pumped-ep-35022,2050.06.12.12,258.128
Jiangsu-Hydro_Pumped-ep-35022,2050.06.12.16,257.3705171437524
Jiangsu-Hydro_Pumped-ep-35022,2050.06.12.20,171.5803447625016
Jiangsu-Hydro_Pumped-ep-35022,2050.12.12.00,34.09030538825944
Jiangsu-Hydro_Pumped-ep-35022,2050.12.12.04,51.13545808238916
Jiangsu-Hydro_Pumped-ep-35022,2050.12.12.08,68.18061077651888
Jiangsu-Hydro_Pumped-ep-35022,2050.12.12.12,110.5631526105712
Jiangsu-Hydro_Pumped-ep-35022,2050.12.12.16,0.0
Jiangsu-Hydro_Pumped-ep-35022,2050.12.12.20,17.04515269412972
Jiangsu-Hydro_Pumped-ep-35028,2040.06.26.00,0.0
Jiangsu-Hydro_Pumped-ep-35028,2040.06.26.04,729.2164652406318
Jiangsu-Hydro_Pumped-ep-35028,2040.06.26.08,1458.432930481264
Jiangsu-Hydro_Pumped-ep-35028,2040.06.26.12,2187.649395721895
Jiangsu-Hydro_Pumped-ep-35028,2040.06.26.16,1715.803447625016
Jiangsu-Hydro_Pumped-ep-35028,2040.06.26.20,857.901723812508
Jiangsu-Hydro_Pumped-ep-35028,2040.12.19.00,340.9030538825944
Jiangsu-Hydro_Pumped-ep-35028,2040.12.19.04,511.3545808238916
Jiangsu-Hydro_Pumped-ep-35028,2040.12.19.08,935.1799991644144
Jiangsu-Hydro_Pumped-ep-35028,2040.12.19.12,1105.631526105712
Jiangsu-Hydro_Pumped-ep-35028,2040.12.19.16,0.0
Jiangsu-Hydro_Pumped-ep-35028,2040.12.19.20,170.4515269412972
Jiangsu-Hydro_Pumped-ep-35028,2050.06.12.00,857.901723812508
Jiangsu-Hydro_Pumped-ep-35028,2050.06.12.04,0.0
Jiangsu-Hydro_Pumped-ep-35028,2050.06.12.08,1290.64
Jiangsu-Hydro_Pumped-ep-35028,2050.06.12.12,2581.28
Jiangsu-Hydro_Pumped-ep-35028,2050.06.12.16,2573.705171437524
Jiangsu-Hydro_Pumped-ep-35028,2050.06.12.20,1715.803447625016
Jiangsu-Hydro_Pumped-ep-35028,2050.12.12.00,340.9030538825944
Jiangsu-Hydro_Pumped-ep-35028,2050.12.12.04,511.3545808238916
Jiangsu-Hydro_Pumped-ep-35028,2050.12.12.08,681.8061077651888
Jiangsu-Hydro_Pumped-ep-35028,2050.12.12.12,1105.631526105712
Jiangsu-Hydro_Pumped-ep-35028,2050.12.12.16,0.0
Jiangsu-Hydro_Pumped-ep-35028,2050.12.12.20,170.4515269412972
Jiangsu-Hydro_Pumped-ep-35037,2040.06.26.00,0.0
Jiangsu-Hydro_Pumped-ep-35037,2040.06.26.04,984.4422280748513
Jiangsu-Hydro_Pumped-ep-35037,2040.06.26.08,1968.884456149703
Jiangsu-Hydro_Pumped-ep-35037,2040.06.26.12,2953.326684224554
Jiangsu-Hydro_Pumped-ep-35037,2040.06.26.16,2316.334654293768
Jiangsu-Hydro_Pumped-ep-35037,2040.06.26.20,1158.167327146884
Jiangsu-Hydro_Pumped-ep-35037,2040.12.19.00,460.2191227415025
Jiangsu-Hydro_Pumped-ep-35037,2040.12.19.04,690.3286841122538
Jiangsu-Hydro_Pumped-ep-35037,2040.12.19.08,1262.492998871964
Jiangsu-Hydro_Pumped-ep-35037,2040.12.19.12,1492.602560242715
Jiangsu-Hydro_Pumped-ep-35037,2040.12.19.16,0.0
Jiangsu-Hydro_Pumped-ep-35037,2040.12.19.20,230.1095613707512
Jiangsu-Hydro_Pumped-ep-35037,2050.06.12.00,1158.167327146884
Jiangsu-Hydro_Pumped-ep-35037,2050.06.12.04,0.0
Jiangsu-Hydro_Pumped-ep-35037,2050.06.12.08,1742.364
Jiangsu-Hydro_Pumped-ep-35037,2050.06.12.12,3484.728
Jiangsu-Hydro_Pumped-ep-35037,2050.06.12.16,3474.501981440652
Jiangsu-Hydro_Pumped-ep-35037,2050.06.12.20,2316.334654293768
Jiangsu-Hydro_Pumped-ep-35037,2050.12.12.00,460.2191227415025
Jiangsu-Hydro_Pumped-ep-35037,2050.12.12.04,690.3286841122538
Jiangsu-Hydro_Pumped-ep-35037,2050.12.12.08,1262.492998871964
Jiangsu-Hydro_Pumped-ep-35037,2050.12.12.12,1492.602560242715
Jiangsu-Hydro_Pumped-ep-35037,2050.12.12.16,0.0
Jiangsu-Hydro_Pumped-ep-35037,2050.12.12.20,230.1095613707512
Shanghai-Battery_Storage-11180,2040.06.26.00,0.0
Shanghai-Battery_Storage-11180,2040.06.26.04,-0.0
Shanghai-Battery_Storage-11180,2040.06.26.08,-0.0
Shanghai-Battery_Storage-11180,2040.06.26.12,-0.0
Shanghai-Battery_Storage-11180,2040.06.26.16,-0.0
Shanghai-Battery_Storage-11180,2040.06.26.20,-0.0
Shanghai-Battery_Storage-11180,2040.12.19.00,-0.0
Shanghai-Battery_Storage-11180,2040.12.19.04,0.0
Shanghai-Battery_Storage-11180,2040.12.19.08,0.0
Shanghai-Battery_Storage-11180,2040.12.19.12,-0.0
Shanghai-Battery_Storage-11180,2040.12.19.16,-0.0
Shanghai-Battery_Storage-11180,2040.12.19.20,-0.0
Shanghai-Battery_Storage-11180,2050.06.12.00,-0.0
Shanghai-Battery_Storage-11180,2050.06.12.04,0.0
Shanghai-Battery_Storage-11180,2050.06.12.08,-0.0
Shanghai-Battery_Storage-11180,2050.06.12.12,-0.0
Shanghai-Battery_Storage-11180,2050.06.12.16,-0.0
Shanghai-Battery_Storage-11180,2050.06.12.20,0.0
Shanghai-Battery_Storage-11180,2050.12.12.00,0.0
Shanghai-Battery_Storage-11180,2050.12.12.04,-0.0
Shanghai-Battery_Storage-11180,2050.12.12.08,-0.0
Shanghai-Battery_Storage-11180,2050.12.12.12,-0.0
Shanghai-Battery_Storage-11180,2050.12.12.16,-0.0
Shanghai-Battery_Storage-11180,2050.12.12.20,-0.0
Zhejiang-Battery_Storage-11181,2040.06.26.00,0.0
Zhejiang-Battery_Storage-11181,2040.06.26.04,0.0
Zhejiang-Battery_Storage-11181,2040.06.26.08,-0.0
Zhejiang-Battery_Storage-11181,2040.06.26.12,-0.0
Zhejiang-Battery_Storage-11181,2040.06.26.16,-0.0
Zhejiang-Battery_Storage-11181,2040.06.26.20,-0.0
Zhejiang-Battery_Storage-11181,2040.12.19.00,0.0
Zhejiang-Battery_Storage-11181,2040.12.19.04,0.0
Zhejiang-Battery_Storage-11181,2040.12.19.08,-0.0
Zhejiang-Battery_Storage-11181,2040.12.19.12,-0.0
Zhejiang-Battery_Storage-11181,2040.12.19.16,-0.0
Zhejiang-Battery_Storage-11181,2040.12.19.20,-0.0
Zhejiang-Battery_Storage-11181,2050.06.12.00,-0.0
Zhejiang-Battery_Storage-11181,2050.06.12.04,0.0
Zhejiang-Battery_Storage-11181,2050.06.12.08,15064.42919038766
Zhejiang-Battery_Storage-11181,2050.06.12.12,30195.69151132037
Zhejiang-Battery_Storage-11181,2050.06.12.16,30195.69151132037
Zhejiang-Battery_Storage-11181,2050.06.12.20,10467.8397239244
Zhejiang-Battery_Storage-11181,2050.12.12.00,-0.0
Zhejiang-Battery_Storage-11181,2050.12.12.04,-0.0
Zhejiang-Battery_Storage-11181,2050.12.12.08,4596.589466463261
Zhejiang-Battery_Storage-11181,2050.12.12.12,19727.85178739598
Zhejiang-Battery_Storage-11181,2050.12.12.16,0.0
Zhejiang-Battery_Storage-11181,2050.12.12.20,-0.0
Zhejiang-Hydro_Pumped-ep-35006,2040.06.26.00,0.0
Zhejiang-Hydro_Pumped-ep-35006,2040.06.26.04,468.5395414405544
Zhejiang-Hydro_Pumped-ep-35006,2040.06.26.08,937.0790828811089
Zhejiang-Hydro_Pumped-ep-35006,2040.06.26.12,1405.618624321663
Zhejiang-Hydro_Pumped-ep-35006,2040.06.26.16,1102.445979860128
Zhejiang-Hydro_Pumped-ep-35006,2040.06.26.20,551.222989930064
Zhejiang-Hydro_Pumped-ep-35006,2040.12.19.00,218.9723064505643
Zhejiang-Hydro_Pumped-ep-35006,2040.12.19.04,328.4584596758465
Zhejiang-Hydro_Pumped-ep-35006,2040.12.19.08,437.9446129011286
Zhejiang-Hydro_Pumped-ep-35006,2040.12.19.12,710.1804533531813
Zhejiang-Hydro_Pumped-ep-35006,2040.12.19.16,0.0
Zhejiang-Hydro_Pumped-ep-35006,2040.12.19.20,109.4861532252822
Zhejiang-Hydro_Pumped-ep-35006,2050.06.12.00,551.222989930064
Zhejiang-Hydro_Pumped-ep-35006,2050.06.12.04,0.0
Zhejiang-Hydro_Pumped-ep-35006,2050.06.12.08,829.3523576
Zhejiang-Hydro_Pumped-ep-35006,2050.06.12.12,1658.7047152
Zhejiang-Hydro_Pumped-ep-35006,2050.06.12.16,1653.668969790192
Zhejiang-Hydro_Pumped-ep-35006,2050.06.12.20,1102.445979860128
Zhejiang-Hydro_Pumped-ep-35006,2050.12.12.00,218.9723064505643
Zhejiang-Hydro_Pumped-ep-35006,2050.12.12.04,328.4584596758465
Zhejiang-Hydro_Pumped-ep-35006,2050.12.12.08,437.9446129011286
Zhejiang-Hydro_Pumped-ep-35006,2050.12.12.12,710.1804533531813
Zhejiang-Hydro_Pumped-ep-35006,2050.12.12.16,0.0
Zhejiang-Hydro_Pumped-ep-35006,2050.12.12.20,109.4861532252822
Zhejiang-Hydro_Pumped-ep-35017,2040.06.26.00,0.0
Zhejiang-Hydro_Pumped-ep-35017,2040.06.26.04,58.33138286503747
Zhejiang-Hydro_Pumped-ep-35017,2040.06.26.08,116.6627657300749
Zhejiang-Hydro_Pumped-ep-35017,2040.06.26.12,174.9941485951124
Zhejiang-Hydro_Pumped-ep-35017,2040.06.26.16,137.2503126236176
Zhejiang-Hydro_Pumped-ep-35017,2040.06.26.20,68.6251563118088
Zhejiang-Hydro_Pumped-ep-35017,2040.12.19.00,27.26121557454232
Zhejiang-Hydro_Pumped-ep-35017,2040.12.19.04,40.89182336181348
Zhejiang-Hydro_Pumped-ep-35017,2040.12.19.08,74.78414542746056
Zhejiang-Hydro_Pumped-ep-35017,2040.12.19.12,88.41475321473172
Zhejiang-Hydro_Pumped-ep-35017,2040.12.19.16,0.0
Zhejiang-Hydro_Pumped-ep-35017,2040.12.19.20,13.63060778727116
Zhejiang-Hydro_Pumped-ep-35017,2050.06.12.00,68.6251563118088
Zhejiang-Hydro_Pumped-ep-35017,2050.06.12.04,0.0
Zhejiang-Hydro_Pumped-ep-35017,2050.06.12.08,103.2512
Zhejiang-Hydro_Pumped-ep-35017,2050.06.12.12,206.5024
Zhejiang-Hydro_Pumped-ep-35017,2050.06.12.16,205.8754689354264
Zhejiang-Hydro_Pumped-ep-35017,2050.06.12.20,137.2503126236176
Zhejiang-Hydro_Pumped-ep-35017,2050.12.12.00,27.26121557454232
Zhejiang-Hydro_Pumped-ep-35017,2050.12.12.04,40.89182336181348
Zhejiang-Hydro_Pumped-ep-35017,2050.12.12.08,54.52243114908464
Zhejiang-Hydro_Pumped-ep-35017,2050.12.12.12,88.41475321473172
Zhejiang-Hydro_Pumped-ep-35017,2050.12.12.16,0.0
Zhejiang-Hydro_Pumped-ep-35017,2050.12.12.20,13.63060778727116
Zhejiang-Hydro_Pumped-ep-35018,2040.06.26.00,0.0
Zhejiang-Hydro_Pumped-ep-35018,2040.06.26.04,1312.456114463341
Zhejiang-Hydro_Pumped-ep-35018,2040.06.26.08,2624.912228926683
Zhejiang-Hydro_Pumped-ep-35018,2040.06.26.12,3937.368343390024
Zhejiang-Hydro_Pumped-ep-35018,2040.06.26.16,3088.132034031392
Zhejiang-Hydro_Pumped-ep-35018,2040.06.26.20,1544.066017015696
Zhejiang-Hydro_Pumped-ep-35018,2040.12.19.00,613.3773504272016
Zhejiang-Hydro_Pumped-ep-35018,2040.12.19.04,920.0660256408023
Zhejiang-Hydro_Pumped-ep-35018,2040.12.19.08,1226.754700854403
Zhejiang-Hydro_Pumped-ep-35018,2040.12.19.12,1989.331947331464
Zhejiang-Hydro_Pumped-ep-35018,2040.12.19.16,0.0
Zhejiang-Hydro_Pumped-ep-35018,2040.12.19.20,306.6886752136008
Zhejiang-Hydro_Pumped-ep-35018,2050.06.12.00,1544.066017015696
Zhejiang-Hydro_Pumped-ep-35018,2050.06.12.04,0.0
Zhejiang-Hydro_Pumped-ep-35018,2050.06.12.08,2323.151999999999
Zhejiang-Hydro_Pumped-ep-35018,2050.06.12.12,4646.303999999998
Zhejiang-Hydro_Pumped-ep-35018,2050.06.12.16,4632.198051047088
Zhejiang-Hydro_Pumped-ep-35018,2050.06.12.20,3088.132034031392
Zhejiang-Hydro_Pumped-ep-35018,2050.12.12.00,613.3773504272016
Zhejiang-Hydro_Pumped-ep-35018,2050.12.12.04,920.0660256408023
Zhejiang-Hydro_Pumped-ep-35018,2050.12.12.08,1226.754700854403
Zhejiang-Hydro_Pumped-ep-35018,2050.12.12.12,1989.331947331464
Zhejiang-Hydro_Pumped-ep-35018,2050.12.12.16,0.0
Zhejiang-Hydro_Pumped-ep-35018,2050.12.12.20,306.6886752136008
Zhejiang-Hydro_Pumped-ep-35023,2040.06.26.00,0.0
Zhejiang-Hydro_Pumped-ep-35023,2040.06.26.04,874.9707429755622
Zhejiang-Hydro_Pumped-ep-35023,2040.06.26.08,1749.941485951124
Zhejiang-Hydro_Pumped-ep-35023,2040.06.26.12,2624.912228926687
Zhejiang-Hydro_Pumped-ep-35023,2040.06.26.16,2058.754689354264
Zhejiang-Hydro_Pumped-ep-35023,2040.06.26.20,1029.377344677132
Zhejiang-Hydro_Pumped-ep-35023,2040.12.19.00,408.9182336181344
Zhejiang-Hydro_Pumped-ep-35023,2040.12.19.04,613.3773504272017
Zhejiang-Hydro_Pumped-ep-35023,2040.12.19.08,817.8364672362688
Zhejiang-Hydro_Pumped-ep-35023,2040.12.19.12,1326.221298220976
Zhejiang-Hydro_Pumped-ep-35023,2040.12.19.16,0.0
Zhejiang-Hydro_Pumped-ep-35023,2040.12.19.20,204.4591168090672
Zhejiang-Hydro_Pumped-ep-35023,2050.06.12.00,1029.377344677132
Zhejiang-Hydro_Pumped-ep-35023,2050.06.12.04,0.0
Zhejiang-Hydro_Pumped-ep-35023,2050.06.12.08,1548.768
Zhejiang-Hydro_Pumped-ep-35023,2050.06.12.12,3097.536
Zhejiang-Hydro_Pumped-ep-35023,2050.06.12.16,3088.132034031396
Zhejiang-Hydro_Pumped-ep-35023,2050.06.12.20,2058.754689354264
Zhejiang-Hydro_Pumped-ep-35023,2050.12.12.00,408.9182336181344
Zhejiang-Hydro_Pumped-ep-35023,2050.12.12.04,613.3773504272017
Zhejiang-Hydro_Pumped-ep-35023,2050.12.12.08,817.8364672362688
Zhejiang-Hydro_Pumped-ep-35023,2050.12.12.12,1326.221298220976
Zhejiang-Hydro_Pumped-ep-35023,2050.12.12.16,0.0
Zhejiang-Hydro_Pumped-ep-35023,2050.12.12.20,204.4591168090672
Zhejiang-Hydro_Pumped-ep-35038,2040.06.26.00,0.0
Zhejiang-Hydro_Pumped-ep-35038,2040.06.26.04,1531.198800207233
Zhejiang-Hydro_Pumped-ep-35038,2040.06.26.08,3062.397600414466
Zhejiang-Hydro_Pumped-ep-35038,2040.06.26.12,4593.596400621699
Zhejiang-Hydro_Pumped-ep-35038,2040.06.26.16,3602.82070636996
Zhejiang-Hydro_Pumped-ep-35038,2040.06.26.20,1801.41035318498
Zhejiang-Hydro_Pumped-ep-35038,2040.12.19.00,715.6069088317352
Zhejiang-Hydro_Pumped-ep-35038,2040.12.19.04,1073.410363247603
Zhejiang-Hydro_Pumped-ep-35038,2040.12.19.08,1963.083817470841
Zhejiang-Hydro_Pumped-ep-35038,2040.12.19.12,2320.887271886709
Zhejiang-Hydro_Pumped-ep-35038,2040.12.19.16,0.0
Zhejiang-Hydro_Pumped-ep-35038,2040.12.19.20,357.8034544158676
Zhejiang-Hydro_Pumped-ep-35038,2050.06.12.00,1801.41035318498
Zhejiang-Hydro_Pumped-ep-35038,2050.06.12.04,0.0
Zhejiang-Hydro_Pumped-ep-35038,2050.06.12.08,2710.344
Zhejiang-Hydro_Pumped-ep-35038,2050.06.12.12,5420.687999999999
Zhejiang-Hydro_Pumped-ep-35038,2050.06.12.16,5404.231059554941
Zhejiang-Hydro_Pumped-ep-35038,2050.06.12.20,3602.82070636996
Zhejiang-Hydro_Pumped-ep-35038,2050.12.12.00,715.6069088317352
Zhejiang-Hydro_Pumped-ep-35038,2050.12.12.04,1073.410363247603
Zhejiang-Hydro_Pumped-ep-35038,2050.12.12.08,1431.21381766347
Zhejiang-Hydro_Pumped-ep-35038,2050.12.12.12,2320.887271886709
Zhejiang-Hydro_Pumped-ep-35038,2050.12.12.16,0.0
Zhejiang-Hydro_Pumped-ep-35038,2050.12.12.20,357.8034544158676
Zhejiang-Hydro_Pumped-ep-35054,2040.06.26.00,0.0
Zhejiang-Hydro_Pumped-ep-35054,2040.06.26.04,1093.71342871945
Zhejiang-Hydro_Pumped-ep-35054,2040.06.26.08,2187.4268574389
Zhejiang-Hydro_Pumped-ep-35054,2040.06.26.12,3281.14028615835
Zhejiang-Hydro_Pumped-ep-35054,2040.06.26.16,2573.443361692824
Zhejiang-Hydro_Pumped-ep-35054,2040.06.26.20,1286.721680846412
Zhejiang-Hydro_Pumped-ep-35054,2040.12.19.00,511.1477920226681
Zhejiang-Hydro_Pumped-ep-35054,2040.12.19.04,766.7216880340022
Zhejiang-Hydro_Pumped-ep-35054,2040.12.19.08,1022.295584045336
Zhejiang-Hydro_Pumped-ep-35054,2040.12.19.12,1657.776622776221
Zhejiang-Hydro_Pumped-ep-35054,2040.12.19.16,0.0
Zhejiang-Hydro_Pumped-ep-35054,2040.12.19.20,255.5738960113341
Zhejiang-Hydro_Pumped-ep-35054,2050.06.12.00,1286.721680846412
Zhejiang-Hydro_Pumped-ep-35054,2050.06.12.04,0.0
Zhejiang-Hydro_Pumped-ep-35054,2050.06.12.08,1935.96
Zhejiang-Hydro_Pumped-ep-35054,2050.06.12.12,3871.920000000001
Zhejiang-Hydro_Pumped-ep-35054,2050.06.12.16,3860.165042539236
Zhejiang-Hydro_Pumped-ep-35054,2050.06.12.20,2573.443361692824
Zhejiang-Hydro_Pumped-ep-35054,2050.12.12.00,511.1477920226681
Zhejiang-Hydro_Pumped-ep-35054,2050.12.12.04,766.7216880340022
Zhejiang-Hydro_Pumped-ep-35054,2050.12.12.08,1022.295584045336
Zhejiang-Hydro_Pumped-ep-35054,2050.12.12.12,1657.776622776221
Zhejiang-Hydro_Pumped-ep-35054,2050.12.12.16,0.0
Zhejiang-Hydro_Pumped-ep-35054,2050.12.12.20,255.5738960113341
