gen_tech,gen_load_zone,gen_energy_source,period,Energy_GWh_typical_yr,VariableCost_per_yr,DispatchEmissions_tCO2_per_typical_yr,GenCapacity_MW,GenCapitalCosts,GenFixedOMCosts,LCOE_dollar_per_MWh,capacity_factor,Store_GWh_typical_yr,Discharge_GWh_typical_yr
Battery_Storage,Anhui,Storage,2038,1.3387762010097501e-12,0.0,0.0,0.0,0.0,0.0,0.0,0.0,0.0,1.3387762010097501e-12
Battery_Storage,Anhui,Storage,2048,-291608.6001912777,0.0,0.0,537591.0112379967,8610863974.539217,12510266334.346792,22.002771312804953,0.2038373038997002,1251539.0566149256,959930.4564236482
Battery_Storage,Fujian,Storage,2038,-21981.18916148154,0.0,0.0,44142.09245511846,768158619.2605836,1246407990.3759654,27.84139583300893,0.1871257716894977,94339.86764584354,72358.678484362
Battery_Storage,Fujian,Storage,2048,-21594.627675597818,0.0,0.0,44142.09245511846,768158619.2605836,1246407990.3759654,28.339779574741428,0.1838349753717905,92680.80547466878,71086.17779907097
Battery_Storage,Jiangsu,Storage,2038,-10114.108002643743,0.0,0.0,45600.84728350683,793543802.2569232,1287597783.9035707,62.50785524137579,0.08334700750884208,43408.188852548265,33294.08084990452
Battery_Storage,Jiangsu,Storage,2048,-39652.39905602115,0.0,0.0,91228.38352075379,1524382859.8660083,2349394983.960018,29.677396546617302,0.1633333333333333,170181.97019751565,130529.5711414945
Battery_Storage,Shanghai,Storage,2038,0.0,0.0,0.0,0.0,0.0,0.0,0.0,0.0,0.0,0.0
Battery_Storage,Shanghai,Storage,2048,0.0,0.0,0.0,0.0,0.0,0.0,0.0,0.0,0.0,0.0
Battery_Storage,Zhejiang,Storage,2038,-14260.280131320687,0.0,0.0,40231.75494876607,700111109.6692202,1135994649.2336087,39.11381640290755,0.13319699173556698,61202.919018543675,46942.638887222995
Battery_Storage,Zhejiang,Storage,2048,-26242.079411523016,0.0,0.0,71422.71207040478,1199712262.5821228,1861838595.0174098,35.4408223035513,0.13806933874591207,112626.95026404705,86384.87085252404
Central_PV,Anhui,Solar,2038,395024.2075014937,0.0,0.0,513519.852024128,25221823413.02315,8306491104.728493,84.87660725861937,0.08781371827511547,0.0,0.0
Central_PV,Anhui,Solar,2048,2424044.265362305,0.0,0.0,2022761.414003228,87097511675.40129,30542228079.017746,48.530359546398905,0.1368017898576705,0.0,0.0
Central_PV,Fujian,Solar,2038,474091.52821733034,0.0,0.0,280000.00002,13752361331.921986,4529167665.714368,38.56118050954886,0.19328584808523594,0.0,0.0
Central_PV,Fujian,Solar,2048,260713.22643776904,0.0,0.0,280000.00002,13752361331.921986,4529167665.714368,70.12121804261459,0.10629208513500761,0.0,0.0
Central_PV,Jiangsu,Solar,2038,7459.969936420495,0.0,0.0,8000.000000999999,392924609.50453484,129404790.45591435,70.01762800817366,0.10644934268675799,0.0,0.0
Central_PV,Jiangsu,Solar,2048,13667.676982495657,0.0,0.0,8000.000000999999,392924609.50453484,129404790.45591435,38.2163992190774,0.19502963728292236,0.0,0.0
Central_PV,Shanghai,Solar,2038,7287.139469906688,0.0,0.0,5001.0,245626996.48581898,80894169.62364168,44.80786561830987,0.1663397793022831,0.0,0.0
Central_PV,Shanghai,Solar,2048,9570.061603594799,0.0,0.0,5001.0,245626996.48581898,80894169.62364168,34.119024478046164,0.21845086698630137,0.0,0.0
Central_PV,Zhejiang,Solar,2038,212016.678978048,0.0,0.0,120000.0,5893869141.831289,1941071856.5960813,36.954361497373476,0.20169014362447488,0.0,0.0
Central_PV,Zhejiang,Solar,2048,135585.629824512,0.0,0.0,120000.0,5893869141.831289,1941071856.5960813,57.78592472202332,0.1289817635316895,0.0,0.0
Central_PV_EP,Anhui,Solar,2038,8761.0320220122,0.0,0.0,8878.5,977742180.5549864,338143476.7355868,150.19756279675667,0.11264490744292237,0.0,0.0
Central_PV_EP,Fujian,Solar,2038,1571.2751926144,0.0,0.0,928.0,102195724.90342146,35343486.671242274,87.5334965009001,0.1932858989497717,0.0,0.0
Central_PV_EP,Jiangsu,Solar,2038,8460.633410713377,0.0,0.0,9073.1,999172447.8677082,345554944.9535003,158.9393284808241,0.10644936480547944,0.0,0.0
Central_PV_EP,Shanghai,Solar,2038,842.3705913923327,0.0,0.0,578.1,63663091.12787494,22017316.427419353,101.7134363792014,0.16633977930228308,0.0,0.0
Central_PV_EP,Zhejiang,Solar,2038,14376.497776889133,0.0,0.0,8137.0,896084712.865453,309902964.48695946,83.88605459189732,0.201690145539726,0.0,0.0
Coal_1000_OT,Anhui,Coal,2038,89923.228196534,594807900.9911437,67684998.04778346,16208.22426037022,595929645.0519006,108154688.2696225,14.44445734837099,0.6333333333333334,0.0,0.0
Coal_1000_OT,Anhui,Coal,2048,0.0,0.0,0.0,0.0,595929645.0519006,0.0,0.0,0.0,0.0,0.0
Coal_1000_OT,Fujian,Coal,2038,0.0,0.0,0.0,0.0,0.0,0.0,0.0,0.0,0.0,0.0
Coal_1000_OT,Fujian,Coal,2048,0.0,0.0,0.0,0.0,0.0,0.0,0.0,0.0,0.0,0.0
Coal_1000_OT,Jiangsu,Coal,2038,108310.5087155892,716432757.5473514,81525059.96500306,34966.10806369961,1285602915.6873817,233322815.43499476,20.638426641864633,0.3536056486805124,0.0,0.0
Coal_1000_OT,Jiangsu,Coal,2048,0.0,0.0,0.0,34966.10806369961,1285602915.6873817,233322815.43499476,0.0,0.0,0.0,0.0
Coal_1000_OT,Shanghai,Coal,2038,124867.60135602776,825951618.441124,93987543.85843882,36952.27492676606,1358628541.1172462,246576164.75171375,19.469872872613838,0.3857487102077074,0.0,0.0
Coal_1000_OT,Shanghai,Coal,2048,0.0,0.0,0.0,53718.82464567667,1975086202.5012589,358456462.6224494,0.0,0.0,0.0,0.0
Coal_1000_OT,Zhejiang,Coal,2038,14342.18138835565,94868066.66456938,10795325.509779966,6837.424384227522,251392368.52272224,45624955.020603344,27.323973919759855,0.23945205479452056,0.0,0.0
Coal_1000_OT,Zhejiang,Coal,2048,0.0,0.0,0.0,6837.424384227522,251392368.52272224,45624955.020603344,0.0,0.0,0.0,0.0
Coal_1000_RC,Anhui,Coal,2038,0.0,0.0,0.0,0.0,0.0,0.0,0.0,0.0,0.0,0.0
Coal_1000_RC,Anhui,Coal,2048,0.0,0.0,0.0,0.0,0.0,0.0,0.0,0.0,0.0,0.0
Coal_1000_RC,Fujian,Coal,2038,0.0,0.0,0.0,0.0,0.0,0.0,0.0,0.0,0.0,0.0
Coal_1000_RC,Fujian,Coal,2048,0.0,0.0,0.0,0.0,0.0,0.0,0.0,0.0,0.0,0.0
Coal_1000_RC,Jiangsu,Coal,2038,0.0,0.0,0.0,0.0,0.0,0.0,0.0,0.0,0.0,0.0
Coal_1000_RC,Jiangsu,Coal,2048,0.0,0.0,0.0,0.0,0.0,0.0,0.0,0.0,0.0,0.0
Coal_1000_RC,Shanghai,Coal,2038,0.0,0.0,0.0,0.0,0.0,0.0,0.0,0.0,0.0,0.0
Coal_1000_RC,Shanghai,Coal,2048,0.0,0.0,0.0,0.0,0.0,0.0,0.0,0.0,0.0,0.0
Coal_1000_RC,Zhejiang,Coal,2038,0.0,0.0,0.0,0.0,0.0,0.0,0.0,0.0,0.0,0.0
Coal_1000_RC,Zhejiang,Coal,2048,0.0,0.0,0.0,0.0,0.0,0.0,0.0,0.0,0.0,0.0
Coal_1000_SEA,Fujian,Coal,2038,0.0,0.0,0.0,0.0,0.0,0.0,0.0,0.0,0.0,0.0
Coal_1000_SEA,Fujian,Coal,2048,0.0,0.0,0.0,0.0,0.0,0.0,0.0,0.0,0.0,0.0
Coal_1000_SEA,Jiangsu,Coal,2038,0.0,0.0,0.0,0.0,0.0,0.0,0.0,0.0,0.0,0.0
Coal_1000_SEA,Jiangsu,Coal,2048,0.0,0.0,0.0,0.0,0.0,0.0,0.0,0.0,0.0,0.0
Coal_1000_SEA,Shanghai,Coal,2038,0.0,0.0,0.0,0.0,0.0,0.0,0.0,0.0,0.0,0.0
Coal_1000_SEA,Shanghai,Coal,2048,0.0,0.0,0.0,0.0,0.0,0.0,0.0,0.0,0.0,0.0
Coal_1000_SEA,Zhejiang,Coal,2038,0.0,0.0,0.0,0.0,0.0,0.0,0.0,0.0,0.0,0.0
Coal_1000_SEA,Zhejiang,Coal,2048,0.0,0.0,0.0,0.0,0.0,0.0,0.0,0.0,0.0,0.0
Coal_100_RC,Anhui,Coal,2038,0.0,0.0,0.0,0.0,16633630.302647583,0.0,0.0,0.0,0.0,0.0
Coal_300_OT,Anhui,Coal,2038,0.0,0.0,0.0,0.0,0.0,0.0,0.0,0.0,0.0,0.0
Coal_300_OT,Anhui,Coal,2048,0.0,0.0,0.0,0.0,0.0,0.0,0.0,0.0,0.0,0.0
Coal_300_OT,Fujian,Coal,2038,0.0,0.0,0.0,0.0,0.0,0.0,0.0,0.0,0.0,0.0
Coal_300_OT,Fujian,Coal,2048,0.0,0.0,0.0,0.0,0.0,0.0,0.0,0.0,0.0,0.0
Coal_300_OT,Jiangsu,Coal,2038,0.0,0.0,0.0,0.0,0.0,0.0,0.0,0.0,0.0,0.0
Coal_300_OT,Jiangsu,Coal,2048,0.0,0.0,0.0,0.0,0.0,0.0,0.0,0.0,0.0,0.0
Coal_300_OT,Shanghai,Coal,2038,0.0,0.0,0.0,0.0,0.0,0.0,0.0,0.0,0.0,0.0
Coal_300_OT,Shanghai,Coal,2048,0.0,0.0,0.0,0.0,0.0,0.0,0.0,0.0,0.0,0.0
Coal_300_OT,Zhejiang,Coal,2038,0.0,0.0,0.0,0.0,0.0,0.0,0.0,0.0,0.0,0.0
Coal_300_OT,Zhejiang,Coal,2048,0.0,0.0,0.0,0.0,0.0,0.0,0.0,0.0,0.0,0.0
Coal_300_RC,Anhui,Coal,2038,0.0,0.0,0.0,0.0,0.0,0.0,0.0,0.0,0.0,0.0
Coal_300_RC,Anhui,Coal,2048,0.0,0.0,0.0,0.0,0.0,0.0,0.0,0.0,0.0,0.0
Coal_300_RC,Fujian,Coal,2038,0.0,0.0,0.0,0.0,0.0,0.0,0.0,0.0,0.0,0.0
Coal_300_RC,Fujian,Coal,2048,0.0,0.0,0.0,0.0,0.0,0.0,0.0,0.0,0.0,0.0
Coal_300_RC,Jiangsu,Coal,2038,0.0,0.0,0.0,0.0,0.0,0.0,0.0,0.0,0.0,0.0
Coal_300_RC,Jiangsu,Coal,2048,0.0,0.0,0.0,0.0,0.0,0.0,0.0,0.0,0.0,0.0
Coal_300_RC,Shanghai,Coal,2038,0.0,0.0,0.0,0.0,0.0,0.0,0.0,0.0,0.0,0.0
Coal_300_RC,Shanghai,Coal,2048,0.0,0.0,0.0,0.0,0.0,0.0,0.0,0.0,0.0,0.0
Coal_300_RC,Zhejiang,Coal,2038,0.0,0.0,0.0,0.0,0.0,0.0,0.0,0.0,0.0,0.0
Coal_300_RC,Zhejiang,Coal,2048,0.0,0.0,0.0,0.0,0.0,0.0,0.0,0.0,0.0,0.0
Coal_300_SEA,Fujian,Coal,2038,0.0,0.0,0.0,0.0,0.0,0.0,0.0,0.0,0.0,0.0
Coal_300_SEA,Fujian,Coal,2048,0.0,0.0,0.0,0.0,0.0,0.0,0.0,0.0,0.0,0.0
Coal_300_SEA,Jiangsu,Coal,2038,0.0,0.0,0.0,0.0,0.0,0.0,0.0,0.0,0.0,0.0
Coal_300_SEA,Jiangsu,Coal,2048,0.0,0.0,0.0,0.0,0.0,0.0,0.0,0.0,0.0,0.0
Coal_300_SEA,Shanghai,Coal,2038,0.0,0.0,0.0,0.0,0.0,0.0,0.0,0.0,0.0,0.0
Coal_300_SEA,Shanghai,Coal,2048,0.0,0.0,0.0,0.0,0.0,0.0,0.0,0.0,0.0,0.0
Coal_300_SEA,Zhejiang,Coal,2038,0.0,0.0,0.0,0.0,0.0,0.0,0.0,0.0,0.0,0.0
Coal_300_SEA,Zhejiang,Coal,2048,0.0,0.0,0.0,0.0,0.0,0.0,0.0,0.0,0.0,0.0
Coal_600_OT,Anhui,Coal,2038,0.0,0.0,0.0,0.0,0.0,0.0,0.0,0.0,0.0,0.0
Coal_600_OT,Anhui,Coal,2048,0.0,0.0,0.0,0.0,0.0,0.0,0.0,0.0,0.0,0.0
Coal_600_OT,Fujian,Coal,2038,0.0,0.0,0.0,0.0,0.0,0.0,0.0,0.0,0.0,0.0
Coal_600_OT,Fujian,Coal,2048,0.0,0.0,0.0,0.0,0.0,0.0,0.0,0.0,0.0,0.0
Coal_600_OT,Jiangsu,Coal,2038,0.0,0.0,0.0,0.0,0.0,0.0,0.0,0.0,0.0,0.0
Coal_600_OT,Jiangsu,Coal,2048,0.0,0.0,0.0,0.0,0.0,0.0,0.0,0.0,0.0,0.0
Coal_600_OT,Shanghai,Coal,2038,0.0,0.0,0.0,0.0,0.0,0.0,0.0,0.0,0.0,0.0
Coal_600_OT,Shanghai,Coal,2048,0.0,0.0,0.0,0.0,0.0,0.0,0.0,0.0,0.0,0.0
Coal_600_OT,Zhejiang,Coal,2038,0.0,0.0,0.0,0.0,0.0,0.0,0.0,0.0,0.0,0.0
Coal_600_OT,Zhejiang,Coal,2048,0.0,0.0,0.0,0.0,0.0,0.0,0.0,0.0,0.0,0.0
Coal_600_RC,Anhui,Coal,2038,0.0,0.0,0.0,0.0,0.0,0.0,0.0,0.0,0.0,0.0
Coal_600_RC,Anhui,Coal,2048,0.0,0.0,0.0,0.0,0.0,0.0,0.0,0.0,0.0,0.0
Coal_600_RC,Fujian,Coal,2038,0.0,0.0,0.0,0.0,0.0,0.0,0.0,0.0,0.0,0.0
Coal_600_RC,Fujian,Coal,2048,0.0,0.0,0.0,0.0,0.0,0.0,0.0,0.0,0.0,0.0
Coal_600_RC,Jiangsu,Coal,2038,0.0,0.0,0.0,0.0,0.0,0.0,0.0,0.0,0.0,0.0
Coal_600_RC,Jiangsu,Coal,2048,0.0,0.0,0.0,0.0,0.0,0.0,0.0,0.0,0.0,0.0
Coal_600_RC,Shanghai,Coal,2038,0.0,0.0,0.0,0.0,0.0,0.0,0.0,0.0,0.0,0.0
Coal_600_RC,Shanghai,Coal,2048,0.0,0.0,0.0,0.0,0.0,0.0,0.0,0.0,0.0,0.0
Coal_600_RC,Zhejiang,Coal,2038,0.0,0.0,0.0,0.0,0.0,0.0,0.0,0.0,0.0,0.0
Coal_600_RC,Zhejiang,Coal,2048,0.0,0.0,0.0,0.0,0.0,0.0,0.0,0.0,0.0,0.0
Coal_600_SEA,Fujian,Coal,2038,0.0,0.0,0.0,0.0,0.0,0.0,0.0,0.0,0.0,0.0
Coal_600_SEA,Fujian,Coal,2048,0.0,0.0,0.0,0.0,0.0,0.0,0.0,0.0,0.0,0.0
Coal_600_SEA,Jiangsu,Coal,2038,0.0,0.0,0.0,0.0,0.0,0.0,0.0,0.0,0.0,0.0
Coal_600_SEA,Jiangsu,Coal,2048,0.0,0.0,0.0,0.0,0.0,0.0,0.0,0.0,0.0,0.0
Coal_600_SEA,Shanghai,Coal,2038,0.0,0.0,0.0,0.0,0.0,0.0,0.0,0.0,0.0,0.0
Coal_600_SEA,Shanghai,Coal,2048,0.0,0.0,0.0,0.0,0.0,0.0,0.0,0.0,0.0,0.0
Coal_600_SEA,Zhejiang,Coal,2038,0.0,0.0,0.0,0.0,0.0,0.0,0.0,0.0,0.0,0.0
Coal_600_SEA,Zhejiang,Coal,2048,0.0,0.0,0.0,0.0,0.0,0.0,0.0,0.0,0.0,0.0
Coal_IGCC_RC,Anhui,Coal,2038,0.0,0.0,0.0,0.0,0.0,0.0,0.0,0.0,0.0,0.0
Coal_IGCC_RC,Anhui,Coal,2048,0.0,0.0,0.0,0.0,0.0,0.0,0.0,0.0,0.0,0.0
Coal_IGCC_RC,Fujian,Coal,2038,0.0,0.0,0.0,0.0,0.0,0.0,0.0,0.0,0.0,0.0
Coal_IGCC_RC,Fujian,Coal,2048,0.0,0.0,0.0,0.0,0.0,0.0,0.0,0.0,0.0,0.0
Coal_IGCC_RC,Jiangsu,Coal,2038,0.0,0.0,0.0,0.0,0.0,0.0,0.0,0.0,0.0,0.0
Coal_IGCC_RC,Jiangsu,Coal,2048,0.0,0.0,0.0,0.0,0.0,0.0,0.0,0.0,0.0,0.0
Coal_IGCC_RC,Shanghai,Coal,2038,0.0,0.0,0.0,0.0,0.0,0.0,0.0,0.0,0.0,0.0
Coal_IGCC_RC,Shanghai,Coal,2048,0.0,0.0,0.0,0.0,0.0,0.0,0.0,0.0,0.0,0.0
Coal_IGCC_RC,Zhejiang,Coal,2038,0.0,0.0,0.0,0.0,0.0,0.0,0.0,0.0,0.0,0.0
Coal_IGCC_RC,Zhejiang,Coal,2048,0.0,0.0,0.0,0.0,0.0,0.0,0.0,0.0,0.0,0.0
Commercial_PV,Anhui,Solar,2038,2662.803751052556,0.0,0.0,2266.666666,152969435.45292753,29643608.97233072,68.5792350837251,0.13410574898447492,0.0,0.0
Commercial_PV,Anhui,Solar,2048,2029.533516252145,0.0,0.0,2266.666666,152969435.45292753,29643608.97233072,89.97784119499644,0.10221260661004566,0.0,0.0
Commercial_PV,Fujian,Solar,2038,3287.5391599232,0.0,0.0,2400.0,161967637.5860314,31387350.68581704,58.814504973490685,0.15637077434946728,0.0,0.0
Commercial_PV,Fujian,Solar,2048,2107.7549545248003,0.0,0.0,2400.0,161967637.5860314,31387350.68581704,91.73504152214929,0.10025470674109589,0.0,0.0
Commercial_PV,Jiangsu,Solar,2038,5877.064387538283,0.0,0.0,4228.571428,285371551.8987297,55301522.62944256,57.96653772426501,0.15865825434378994,0.0,0.0
Commercial_PV,Jiangsu,Solar,2048,7480.790634575323,0.0,0.0,4228.571428,285371551.8987297,55301522.62944256,45.539715141020245,0.20195272757429222,0.0,0.0
Commercial_PV,Shanghai,Solar,2038,3117.60894816448,0.0,0.0,2200.0,148470334.45386213,28771738.12866562,56.85192579617165,0.161768832926758,0.0,0.0
Commercial_PV,Shanghai,Solar,2048,3481.73808663296,0.0,0.0,2200.0,148470334.45386213,28771738.12866562,50.906204939134575,0.18066303894940638,0.0,0.0
Commercial_PV,Zhejiang,Solar,2038,7556.24622971904,0.0,0.0,4800.0,323935275.1720628,62774701.37163408,51.17752449923481,0.17970524709187213,0.0,0.0
Commercial_PV,Zhejiang,Solar,2048,5114.876199960576,0.0,0.0,4800.0,323935275.1720628,62774701.37163408,75.60495336068499,0.12164374524259358,0.0,0.0
EP_Coal_1000_OT,Anhui,Coal,2038,5548.0,22018743.994509265,4059378.393599999,1000.0,38922129.22857227,14136763.898421414,13.53237871692555,0.6333333333333334,0.0,0.0
EP_Coal_1000_OT,Anhui,Coal,2048,0.0,0.0,0.0,0.0,38922129.22857227,0.0,0.0,0.0,0.0,0.0
EP_Coal_1000_OT,Jiangsu,Coal,2038,90745.73694570587,360149089.83427876,66397131.194792286,17060.0,664011524.6394429,241173192.1070693,13.943727266635717,0.6072158494174862,0.0,0.0
EP_Coal_1000_OT,Jiangsu,Coal,2048,0.0,0.0,0.0,0.0,586167266.1822984,0.0,0.0,0.0,0.0,0.0
EP_Coal_1000_OT,Shanghai,Coal,2038,19880.452064323457,78900970.52982183,14546192.783870794,3800.0,147904091.06857464,53719702.814001374,14.110582772703376,0.5972257890027475,0.0,0.0
EP_Coal_1000_RC,Anhui,Coal,2038,44661.4,177250889.15579957,32677996.068479992,8050.0,313323140.29000676,113800949.38229239,13.532378716925548,0.6333333333333334,0.0,0.0
EP_Coal_1000_RC,Anhui,Coal,2048,0.0,0.0,0.0,0.0,313323140.29000676,0.0,0.0,0.0,0.0,0.0
EP_Coal_1000_RC,Jiangsu,Coal,2038,43154.206,171269180.64172956,31575207.539539196,8030.0,312544697.70543534,113518214.10432395,13.841804723541635,0.6134843367053914,0.0,0.0
EP_Coal_1000_RC,Jiangsu,Coal,2048,0.0,0.0,0.0,0.0,312544697.70543534,0.0,0.0,0.0,0.0,0.0
EP_Coal_1000_RC,Zhejiang,Coal,2038,9720.4,38578045.984900475,7112253.377279999,2000.0,77844258.45714454,28273527.79684283,14.885789909765837,0.5548173515981736,0.0,0.0
EP_Coal_1000_RC,Zhejiang,Coal,2048,0.0,0.0,0.0,0.0,77844258.45714454,0.0,0.0,0.0,0.0,0.0
EP_Coal_1000_SEA,Fujian,Coal,2038,19440.8,77156091.96980095,14224506.754559997,4000.0,155688516.9142891,56547055.59368566,14.885789909765837,0.5548173515981736,0.0,0.0
EP_Coal_1000_SEA,Fujian,Coal,2048,0.0,0.0,0.0,0.0,155688516.9142891,0.0,0.0,0.0,0.0,0.0
EP_Coal_1000_SEA,Jiangsu,Coal,2038,11096.0,44037487.98901853,8118756.787199998,2000.0,77844258.45714454,28273527.79684283,13.53237871692555,0.6333333333333334,0.0,0.0
EP_Coal_1000_SEA,Jiangsu,Coal,2048,0.0,0.0,0.0,0.0,77844258.45714454,0.0,0.0,0.0,0.0,0.0
EP_Coal_1000_SEA,Shanghai,Coal,2038,10408.2,41307766.9869595,7615505.0822399985,2000.0,77844258.45714454,28273527.79684283,14.164365907740713,0.5940753424657534,0.0,0.0
EP_Coal_1000_SEA,Shanghai,Coal,2048,0.0,0.0,0.0,2000.0,77844258.45714454,28273527.79684283,0.0,0.0,0.0,0.0
EP_Coal_1000_SEA,Zhejiang,Coal,2038,77763.2,308624367.8792038,56898027.01823999,16000.0,622754067.6571563,226188222.37474263,14.885789909765837,0.5548173515981736,0.0,0.0
EP_Coal_1000_SEA,Zhejiang,Coal,2048,0.0,0.0,0.0,0.0,428143421.514295,0.0,0.0,0.0,0.0,0.0
EP_Coal_300_OT,Anhui,Coal,2038,2712.8959999999997,10766864.186684966,2210428.5950975996,1940.0,86415796.63863552,31018383.04735758,47.25615868528615,0.15963470319634704,0.0,0.0
EP_Coal_300_OT,Jiangsu,Coal,2038,1992.7199999999998,7908650.2402196275,1623639.560832,2850.0,126951041.45366558,45568243.13658202,90.5435459223911,0.07981735159817352,0.0,0.0
EP_Coal_300_OT,Shanghai,Coal,2038,664.24,2636216.746739876,541213.186944,950.0,42317013.81788853,15189414.378860671,90.54354592239112,0.0798173515981735,0.0,0.0
EP_Coal_300_OT,Zhejiang,Coal,2038,419.52,1664978.9979409743,341818.854912,600.0,26726535.042876966,9593314.344543582,90.54354592239112,0.07981735159817352,0.0,0.0
EP_Coal_300_RC,Anhui,Coal,2038,4894.4,19424754.97597803,3987886.64064,3500.0,155904787.75011563,55961000.343170896,47.25615868528615,0.159634703196347,0.0,0.0
EP_Coal_300_RC,Fujian,Coal,2038,0.0,0.0,0.0,0.0,80179605.1286309,0.0,0.0,0.0,0.0,0.0
EP_Coal_300_RC,Jiangsu,Coal,2038,5209.04,20673489.224433765,4244250.781824,7450.0,331854476.782389,119116986.44474949,90.54354592239112,0.07981735159817352,0.0,0.0
EP_Coal_300_RC,Zhejiang,Coal,2038,839.04,3329957.9958819486,683637.709824,1200.0,53453070.08575393,19186628.689087164,90.54354592239112,0.07981735159817352,0.0,0.0
EP_Coal_300_SEA,Fujian,Coal,2038,0.0,0.0,0.0,0.0,53453070.08575393,0.0,0.0,0.0,0.0,0.0
EP_Coal_300_SEA,Zhejiang,Coal,2038,894.976,3551955.1956074117,729213.5571456,1280.0,57016608.09147086,20465737.268359642,90.54354592239112,0.07981735159817352,0.0,0.0
EP_Coal_300_SEA,Zhejiang,Coal,2048,0.0,0.0,0.0,0.0,15590478.775011564,0.0,0.0,0.0,0.0,0.0
EP_Coal_600_OT,Anhui,Coal,2038,36283.92,144002585.72409058,27484111.504511997,6540.0,223922668.4044248,81328064.51612902,12.381609226473996,0.6333333333333333,0.0,0.0
EP_Coal_600_OT,Anhui,Coal,2048,0.0,0.0,0.0,0.0,90390801.92472193,0.0,0.0,0.0,0.0,0.0
EP_Coal_600_OT,Fujian,Coal,2038,1845.888,7325907.590940286,1398211.4285568,1320.0,45195400.96236096,16414838.709677417,37.34579089466894,0.15963470319634704,0.0,0.0
EP_Coal_600_OT,Fujian,Coal,2048,0.0,0.0,0.0,0.0,45195400.96236096,0.0,0.0,0.0,0.0,0.0
EP_Coal_600_OT,Jiangsu,Coal,2038,73899.36,293289670.0068634,55976814.256896,17760.0,608083576.5844929,220854193.54838708,15.185888485904929,0.475,0.0,0.0
EP_Coal_600_OT,Jiangsu,Coal,2048,0.0,0.0,0.0,945.0671280934475,180781603.84944385,11752367.028387869,0.0,0.0,0.0,0.0
EP_Coal_600_OT,Shanghai,Coal,2038,6415.463999999998,25461510.350034315,4859544.6117504,1320.0,45195400.96236096,16414838.709677417,13.57216719197126,0.5548173515981734,0.0,0.0
EP_Coal_600_OT,Shanghai,Coal,2048,0.0,0.0,0.0,1320.0,45195400.96236096,16414838.709677417,0.0,0.0,0.0,0.0
EP_Coal_600_RC,Anhui,Coal,2038,117506.63999999998,466356997.8037062,89008177.62470399,21180.0,811144332.8879143,294597300.8236101,13.378806776495615,0.6333333333333333,0.0,0.0
EP_Coal_600_RC,Anhui,Coal,2048,0.0,0.0,0.0,0.0,377997854.844368,0.0,0.0,0.0,0.0,0.0
EP_Coal_600_RC,Jiangsu,Coal,2038,15478.919999999998,61432295.744680844,11724873.256512,3720.0,142467276.59787732,51742302.127659574,16.515485219267088,0.475,0.0,0.0
EP_Coal_600_RC,Jiangsu,Coal,2048,0.0,0.0,0.0,0.0,96510090.59856205,0.0,0.0,0.0,0.0,0.0
EP_Coal_600_RC,Shanghai,Coal,2038,5832.24,23146827.590940285,4417767.828864,1200.0,45957185.99931526,16691065.20247083,14.71048495821955,0.5548173515981735,0.0,0.0
EP_Coal_600_RC,Zhejiang,Coal,2038,9103.583999999999,36130044.25531914,6895724.545382399,3720.0,142467276.59787732,51742302.127659574,25.30208135398718,0.2793607305936073,0.0,0.0
EP_Coal_600_RC,Zhejiang,Coal,2048,0.0,0.0,0.0,0.0,50552904.599246785,0.0,0.0,0.0,0.0,0.0
EP_Coal_600_SEA,Fujian,Coal,2038,17983.424,71372099.71173643,13621968.917606398,12860.0,440312769.98178935,159920322.58064514,37.34579089466894,0.15963470319634704,0.0,0.0
EP_Coal_600_SEA,Fujian,Coal,2048,0.0,0.0,0.0,0.0,132162308.87478282,0.0,0.0,0.0,0.0,0.0
EP_Coal_600_SEA,Jiangsu,Coal,2038,19223.819999999996,76294947.9409746,14561536.141151998,4620.0,158183903.36826336,57451935.48387096,15.185888485904934,0.4749999999999999,0.0,0.0
EP_Coal_600_SEA,Jiangsu,Coal,2048,0.0,0.0,0.0,0.0,158183903.36826336,0.0,0.0,0.0,0.0,0.0
EP_Coal_600_SEA,Zhejiang,Coal,2038,33858.2579661709,134375687.50129253,25646736.55136415,14160.0,484823392.1416903,176086451.6129032,23.488672454752,0.2729588941626914,0.0,0.0
EP_Coal_600_SEA,Zhejiang,Coal,2048,0.0,0.0,0.0,3800.5054419213557,135586202.88708287,47261124.12453814,0.0,0.0,0.0,0.0
Gas_CCGT_OT,Anhui,Gas,2038,0.0,0.0,0.0,0.0,0.0,0.0,0.0,0.0,0.0,0.0
Gas_CCGT_OT,Anhui,Gas,2048,0.0,0.0,0.0,0.0,0.0,0.0,0.0,0.0,0.0,0.0
Gas_CCGT_OT,Fujian,Gas,2038,0.0,0.0,0.0,0.0,0.0,0.0,0.0,0.0,0.0,0.0
Gas_CCGT_OT,Fujian,Gas,2048,0.0,0.0,0.0,0.0,0.0,0.0,0.0,0.0,0.0,0.0
Gas_CCGT_OT,Jiangsu,Gas,2038,0.0,0.0,0.0,0.0,0.0,0.0,0.0,0.0,0.0,0.0
Gas_CCGT_OT,Jiangsu,Gas,2048,0.0,0.0,0.0,0.0,0.0,0.0,0.0,0.0,0.0,0.0
Gas_CCGT_OT,Shanghai,Gas,2038,2401.8828664662115,6355016.094871136,824562.0646686906,420.7051071512516,27270415.085498173,3561989.1570472475,15.482611936080307,0.6517333333333334,0.0,0.0
Gas_CCGT_OT,Shanghai,Gas,2048,0.0,0.0,0.0,420.7051071512516,27270415.085498173,3561989.1570472475,0.0,0.0,0.0,0.0
Gas_CCGT_OT,Zhejiang,Gas,2038,0.0,0.0,0.0,0.0,0.0,0.0,0.0,0.0,0.0,0.0
Gas_CCGT_OT,Zhejiang,Gas,2048,0.0,0.0,0.0,0.0,0.0,0.0,0.0,0.0,0.0,0.0
Gas_CCGT_RC,Anhui,Gas,2038,0.0,0.0,0.0,0.0,0.0,0.0,0.0,0.0,0.0,0.0
Gas_CCGT_RC,Anhui,Gas,2048,0.0,0.0,0.0,0.0,0.0,0.0,0.0,0.0,0.0,0.0
Gas_CCGT_RC,Fujian,Gas,2038,0.0,0.0,0.0,0.0,0.0,0.0,0.0,0.0,0.0,0.0
Gas_CCGT_RC,Fujian,Gas,2048,0.0,0.0,0.0,0.0,0.0,0.0,0.0,0.0,0.0,0.0
Gas_CCGT_RC,Jiangsu,Gas,2038,0.0,0.0,0.0,0.0,0.0,0.0,0.0,0.0,0.0,0.0
Gas_CCGT_RC,Jiangsu,Gas,2048,0.0,0.0,0.0,0.0,0.0,0.0,0.0,0.0,0.0,0.0
Gas_CCGT_RC,Shanghai,Gas,2038,0.0,0.0,0.0,0.0,0.0,0.0,0.0,0.0,0.0,0.0
Gas_CCGT_RC,Shanghai,Gas,2048,0.0,0.0,0.0,0.0,0.0,0.0,0.0,0.0,0.0,0.0
Gas_CCGT_RC,Zhejiang,Gas,2038,0.0,0.0,0.0,0.0,0.0,0.0,0.0,0.0,0.0,0.0
Gas_CCGT_RC,Zhejiang,Gas,2048,0.0,0.0,0.0,0.0,0.0,0.0,0.0,0.0,0.0,0.0
Gas_CCGT_SEA,Fujian,Gas,2038,0.0,0.0,0.0,0.0,0.0,0.0,0.0,0.0,0.0,0.0
Gas_CCGT_SEA,Fujian,Gas,2048,0.0,0.0,0.0,0.0,0.0,0.0,0.0,0.0,0.0,0.0
Gas_CCGT_SEA,Jiangsu,Gas,2038,0.0,0.0,0.0,0.0,0.0,0.0,0.0,0.0,0.0,0.0
Gas_CCGT_SEA,Jiangsu,Gas,2048,0.0,0.0,0.0,0.0,0.0,0.0,0.0,0.0,0.0,0.0
Gas_CCGT_SEA,Shanghai,Gas,2038,0.0,0.0,0.0,0.0,0.0,0.0,0.0,0.0,0.0,0.0
Gas_CCGT_SEA,Shanghai,Gas,2048,0.0,0.0,0.0,0.0,0.0,0.0,0.0,0.0,0.0,0.0
Gas_CCGT_SEA,Zhejiang,Gas,2038,0.0,0.0,0.0,0.0,0.0,0.0,0.0,0.0,0.0,0.0
Gas_CCGT_SEA,Zhejiang,Gas,2048,0.0,0.0,0.0,0.0,0.0,0.0,0.0,0.0,0.0,0.0
Gas_Combustion_Turbine_RC,Anhui,Gas,2038,0.0,0.0,0.0,0.0,0.0,0.0,0.0,0.0,0.0,0.0
Gas_Combustion_Turbine_RC,Anhui,Gas,2048,0.0,0.0,0.0,0.0,0.0,0.0,0.0,0.0,0.0,0.0
Gas_Combustion_Turbine_RC,Fujian,Gas,2038,0.0,0.0,0.0,0.0,0.0,0.0,0.0,0.0,0.0,0.0
Gas_Combustion_Turbine_RC,Fujian,Gas,2048,0.0,0.0,0.0,0.0,0.0,0.0,0.0,0.0,0.0,0.0
Gas_Combustion_Turbine_RC,Jiangsu,Gas,2038,0.0,0.0,0.0,0.0,0.0,0.0,0.0,0.0,0.0,0.0
Gas_Combustion_Turbine_RC,Jiangsu,Gas,2048,0.0,0.0,0.0,0.0,0.0,0.0,0.0,0.0,0.0,0.0
Gas_Combustion_Turbine_RC,Shanghai,Gas,2038,0.0,0.0,0.0,0.0,0.0,0.0,0.0,0.0,0.0,0.0
Gas_Combustion_Turbine_RC,Shanghai,Gas,2048,0.0,0.0,0.0,0.0,0.0,0.0,0.0,0.0,0.0,0.0
Gas_Combustion_Turbine_RC,Zhejiang,Gas,2038,0.0,0.0,0.0,0.0,0.0,0.0,0.0,0.0,0.0,0.0
Gas_Combustion_Turbine_RC,Zhejiang,Gas,2048,0.0,0.0,0.0,0.0,0.0,0.0,0.0,0.0,0.0,0.0
Hydro_NonPumped,Anhui,Water,2038,6801.9722201371815,0.0,0.0,2001.3781652464158,214278685.33028087,8737313.771167563,32.78696117593827,0.3879730780174774,0.0,0.0
Hydro_NonPumped,Anhui,Water,2048,4051.7744116074905,0.0,0.0,667.1260550821395,214278685.33028087,2912437.9237225247,53.603952537879714,0.6933192340524316,0.0,0.0
Hydro_NonPumped,Fujian,Water,2038,26712.36702713065,0.0,0.0,7854.075184056108,841461657.3576349,34288132.27658537,32.784432347187995,0.3882515630557837,0.0,0.0
Hydro_NonPumped,Fujian,Water,2048,15919.673904809586,0.0,0.0,2618.0250613520375,841461657.3576349,11429377.425528463,53.57465485053003,0.6941546891673509,0.0,0.0
Hydro_NonPumped,Jiangsu,Water,2038,6108.307093764049,0.0,0.0,2648.7200000000003,192365965.55361968,11563380.74124914,33.385575277159795,0.26325747166116525,0.0,0.0
Hydro_NonPumped,Jiangsu,Water,2048,6108.30709376405,0.0,0.0,2648.7200000000003,192365965.55361968,11563380.74124914,33.385575277159795,0.26325747166116525,0.0,0.0
Hydro_NonPumped,Zhejiang,Water,2038,23990.74313709215,0.0,0.0,10404.67,755649668.8275015,45423132.94612216,33.39091236965824,0.263215393461516,0.0,0.0
Hydro_NonPumped,Zhejiang,Water,2048,23990.74313709215,0.0,0.0,10404.67,755649668.8275015,45423132.94612216,33.39091236965823,0.26321539346151607,0.0,0.0
Hydro_Pumped,Anhui,Water,2038,-1775.611368742273,0.0,0.0,3140.9065708184053,218182782.8169387,11218986.287701912,45.39316598000741,0.18367378028407738,6829.27449516259,5053.663126420316
Hydro_Pumped,Anhui,Water,2048,-1878.0335700173064,0.0,0.0,3140.9065708184053,218182782.8169387,11218986.287701912,42.91756167945573,0.19426859468117555,7223.2060385281,5345.172468510794
Hydro_Pumped,Fujian,Water,2038,-734.6874717737392,0.0,0.0,1400.0,83004319.54992233,5000652.024708305,42.086828585402,0.17050175909245543,2825.7210452836125,2091.0335735098733
Hydro_Pumped,Fujian,Water,2048,-675.867690813903,0.0,0.0,1198.5932656431605,83004319.54992233,4281248.457600149,45.375600416676164,0.1832078669098496,2599.4911185150117,1923.623427701109
Hydro_Pumped,Jiangsu,Water,2038,-1710.6828194542081,0.0,0.0,3034.6100524366807,210024643.9811749,10839306.359226901,45.36249884222043,0.18315588062248137,6579.549305593108,4868.866486138901
Hydro_Pumped,Jiangsu,Water,2048,-1710.6828194542081,0.0,0.0,3034.6100524366807,210024643.9811749,10839306.359226901,45.36249884222043,0.18315588062248137,6579.549305593108,4868.866486138901
Hydro_Pumped,Zhejiang,Water,2038,-3535.4938037405736,0.0,0.0,6270.387053541873,434147571.6379041,22397159.79642779,45.37063766653473,0.18319347319243884,13598.053091309903,10062.55928756933
Hydro_Pumped,Zhejiang,Water,2048,-3535.4938037405736,0.0,0.0,6270.387053541874,434147571.6379041,22397159.79642779,45.37063766653473,0.1831934731924388,13598.053091309903,10062.55928756933
Nuclear_EP_SEA,Fujian,Uranium,2038,57131.52565739519,226741967.82010132,0.0,7543.0,1200050174.3193798,518162800.27453667,34.0434623447214,0.8646246399999999,0.0,0.0
Nuclear_EP_SEA,Fujian,Uranium,2048,57131.52565739519,226741967.82010132,0.0,7543.0,1200050174.3193798,518162800.27453667,34.0434623447214,0.8646246399999999,0.0,0.0
Nuclear_EP_SEA,Jiangsu,Uranium,2038,49080.244764671996,194788274.0917747,0.0,6480.0,1031057768.4625036,461647494.85243654,34.38233744550056,0.8646246399999999,0.0,0.0
Nuclear_EP_SEA,Jiangsu,Uranium,2048,33992.6139666432,134908915.7598588,0.0,4488.0,714379614.0085486,356236925.188744,35.4643351682259,0.8646246399999999,0.0,0.0
Nuclear_EP_SEA,Zhejiang,Uranium,2038,72264.6011265024,286801685.6650652,0.0,9541.0,1517281547.3047252,571026835.9643102,32.866853644931425,0.8646246399999999,0.0,0.0
Nuclear_EP_SEA,Zhejiang,Uranium,2048,52465.8727600128,208225057.8138462,0.0,6927.0,1101720957.072477,432701921.75703496,33.21488512379286,0.8646246399999999,0.0,0.0
Nuclear_SEA,Fujian,Uranium,2038,49693.747824230406,32870521.252986997,0.0,6561.0,821389522.9768234,156234656.82910088,20.33444337169111,0.86462464,0.0,0.0
Nuclear_SEA,Fujian,Uranium,2048,49693.747824230406,32870521.252986997,0.0,6561.0,821389522.9768234,156234656.82910088,20.33444337169111,0.86462464,0.0,0.0
Nuclear_SEA,Jiangsu,Uranium,2038,29645.073766809604,19609087.057489872,0.0,3914.0,490004358.01421845,93202628.68908715,20.334443371691105,0.8646246400000002,0.0,0.0
Nuclear_SEA,Jiangsu,Uranium,2048,44732.70456483841,29588980.112809196,0.0,5906.0,739388282.6857369,140637385.03774878,20.334443371691105,0.8646246400000002,0.0,0.0
Nuclear_SEA,Zhejiang,Uranium,2038,27766.694028902402,18366610.41204852,0.0,3666.0,458956560.16354746,87297096.77419354,20.334443371691112,0.8646246400000002,0.0,0.0
Nuclear_SEA,Zhejiang,Uranium,2048,47565.42239539201,31462715.053918347,0.0,6280.0,786210364.928281,149543308.1674674,20.334443371691105,0.8646246400000002,0.0,0.0
Nuclear_SMR,Anhui,Uranium,2038,17799.162839039996,11773468.212851614,0.0,2350.0,633719321.79948,111919354.83870967,42.553245436339445,0.8646246399999998,0.0,0.0
Nuclear_SMR,Anhui,Uranium,2048,17799.162839039996,11773468.212851614,0.0,2350.0,633719321.79948,111919354.83870967,42.553245436339445,0.8646246399999998,0.0,0.0
Nuclear_SMR,Fujian,Uranium,2038,0.0,0.0,0.0,0.0,0.0,0.0,0.0,0.0,0.0,0.0
Nuclear_SMR,Fujian,Uranium,2048,0.0,0.0,0.0,0.0,0.0,0.0,0.0,0.0,0.0,0.0
Nuclear_SMR,Jiangsu,Uranium,2038,0.0,0.0,0.0,0.0,0.0,0.0,0.0,0.0,0.0,0.0
Nuclear_SMR,Jiangsu,Uranium,2048,0.0,0.0,0.0,0.0,0.0,0.0,0.0,0.0,0.0,0.0
Nuclear_SMR,Zhejiang,Uranium,2038,0.0,0.0,0.0,0.0,0.0,0.0,0.0,0.0,0.0,0.0
Nuclear_SMR,Zhejiang,Uranium,2048,0.0,0.0,0.0,0.0,0.0,0.0,0.0,0.0,0.0,0.0
Offshore_Wind,Fujian,Wind,2038,83777.66135766721,0.0,0.0,28050.0,4762129143.506712,2476714786.2917666,86.40541896835833,0.34095044464657537,0.0,0.0
Offshore_Wind,Fujian,Wind,2048,112675.0194679956,0.0,0.0,28050.0,4762129143.506712,2476714786.2917666,64.24533107673092,0.45855419410867576,0.0,0.0
Offshore_Wind,Jiangsu,Wind,2038,0.0,0.0,0.0,0.0,0.0,0.0,0.0,0.0,0.0,0.0
Offshore_Wind,Jiangsu,Wind,2048,172199.2789492987,0.0,0.0,107620.0,17055721057.28267,8688196920.890038,149.5007304052219,0.18265612279178078,0.0,0.0
Offshore_Wind,Shanghai,Wind,2038,0.0,0.0,0.0,0.0,0.0,0.0,0.0,0.0,0.0,0.0
Offshore_Wind,Shanghai,Wind,2048,0.0,0.0,0.0,0.0,0.0,0.0,0.0,0.0,0.0,0.0
Offshore_Wind,Zhejiang,Wind,2038,177402.11840713597,0.0,0.0,53840.0,9140571589.533026,4753879646.843092,78.3217887200676,0.3761401073515981,0.0,0.0
Offshore_Wind,Zhejiang,Wind,2048,180149.8092174368,0.0,0.0,53840.0,9140571589.533026,4753879646.843092,77.12720483431556,0.38196594937442924,0.0,0.0
Residential_PV,Anhui,Solar,2038,0.0,0.0,0.0,0.0,0.0,0.0,0.0,0.0,0.0,0.0
Residential_PV,Anhui,Solar,2048,0.0,0.0,0.0,0.0,0.0,0.0,0.0,0.0,0.0,0.0
Residential_PV,Fujian,Solar,2038,668.1034312542438,0.0,0.0,533.3333333,49020989.0367367,9815543.18983052,88.06500531828168,0.1430015906027398,0.0,0.0
Residential_PV,Fujian,Solar,2048,607.0054645380623,0.0,0.0,533.3333333,49020989.0367367,9815543.18983052,96.92916400899695,0.12992411484931507,0.0,0.0
Residential_PV,Jiangsu,Solar,2038,0.0,0.0,0.0,0.0,0.0,0.0,0.0,0.0,0.0,0.0
Residential_PV,Jiangsu,Solar,2048,0.0,0.0,0.0,0.0,0.0,0.0,0.0,0.0,0.0,0.0
Residential_PV,Shanghai,Solar,2038,4100.477378592,0.0,0.0,3000.0,275743063.34887785,55212430.446247436,80.71145460355326,0.15603034165114155,0.0,0.0
Residential_PV,Shanghai,Solar,2048,4551.034344864,0.0,0.0,3000.0,275743063.34887785,55212430.446247436,72.720939618621,0.1731748228639269,0.0,0.0
Residential_PV,Zhejiang,Solar,2038,9686.66003974144,0.0,0.0,6400.0,588251868.477606,117786518.28532787,72.88770162948549,0.17277861086867577,0.0,0.0
Residential_PV,Zhejiang,Solar,2048,6564.0787760128005,0.0,0.0,6400.0,588251868.477606,117786518.28532787,107.5609252806379,0.1170818845607306,0.0,0.0
Wind,Anhui,Wind,2038,14869.486872404636,0.0,0.0,9030.0,594162340.7041616,246631812.32648534,56.54493394731899,0.18797674510136983,0.0,0.0
Wind,Anhui,Wind,2048,19983.366521248703,0.0,0.0,9030.0,594162340.7041616,246631812.32648534,42.074700083022265,0.25262527396310497,0.0,0.0
Wind,Fujian,Wind,2038,40885.349702727246,0.0,0.0,12200.000001,802744247.7502695,333212415.3521321,27.783953698863144,0.38256371827397245,0.0,0.0
Wind,Fujian,Wind,2048,47116.01620513556,0.0,0.0,12200.000001,802744247.7502695,333212415.3521321,24.10977740895217,0.4408639887086757,0.0,0.0
Wind,Jiangsu,Wind,2038,31869.3524419222,0.0,0.0,35000.000004,2302954809.1940536,955937257.1886504,102.25786897683645,0.1039443980374429,0.0,0.0
Wind,Jiangsu,Wind,2048,42945.877305388094,0.0,0.0,35000.000004,2302954809.1940536,955937257.1886504,75.88369992324816,0.14007135453515981,0.0,0.0
Wind,Shanghai,Wind,2038,0.0,0.0,0.0,0.0,0.0,0.0,0.0,0.0,0.0,0.0
Wind,Shanghai,Wind,2048,0.0,0.0,0.0,0.0,0.0,0.0,0.0,0.0,0.0,0.0
Wind,Zhejiang,Wind,2038,23975.260872066556,0.0,0.0,9440.0,621139811.323066,257829934.480844,36.661530003537635,0.28992605148675793,0.0,0.0
Wind,Zhejiang,Wind,2048,24859.500551961602,0.0,0.0,9440.0,621139811.323066,257829934.480844,35.35749819135255,0.30061891194520546,0.0,0.0
Wind_EP,Anhui,Wind,2038,3579.874248129312,0.0,0.0,2174.0,200384105.54128224,34512436.513383664,65.61586407048033,0.18797674510136986,0.0,0.0
Wind_EP,Fujian,Wind,2038,7569.151707459888,0.0,0.0,2258.6,208181941.47908926,35855468.77144818,32.241051531576886,0.3825637182739727,0.0,0.0
Wind_EP,Jiangsu,Wind,2038,5413.7834816296445,0.0,0.0,5945.6,548023798.4849346,94386910.08922443,118.6620615238905,0.1039443980374429,0.0,0.0
Wind_EP,Shanghai,Wind,2038,147.29014496597577,0.0,0.0,671.9,61931039.79447449,10666470.144131776,492.88776214713073,0.025024473119908675,0.0,0.0
Wind_EP,Zhejiang,Wind,2038,2996.6536337872176,0.0,0.0,1179.9,108754924.62196821,18731013.726835962,42.542767342679326,0.289926051486758,0.0,0.0
