load_zone,period,timepoint_label,Coal,Gas,Uranium,Hydrogen,Solar,Storage,Water,Wind,Battery_Storage,Central_PV,Central_PV_EP,Commercial_PV,Hydro_NonPumped,Hydro_Pumped,Offshore_Wind,Residential_PV,Wind,Wind_EP,curtail_Solar,curtail_Storage,curtail_Water,curtail_Wind,ZoneTotalCentralDispatch,TXPowerNet,WithdrawFromCentralGrid,StorageNetCharge,RunElectrolyzerMW,LiquefyHydrogenMW,zone_demand_mw,spinning_reserve_provision,spinning_reserve_requirement,marginal_cost,peak_day
Anhui,2038,2040-06-26_00:00,184772.7382732748,0.0,2031.867904,0.0,0.0,-0.0,2688.958800269363,252.16834719999997,-0.0,0.0,0.0,0.0,1899.3078788188482,789.6509214505149,0,0.0,0.0,252.16834719999997,0.0,0.0,1.1368683772161603e-13,2.1316282072803006e-14,189745.7333247441,-154759.11900950308,34986.61431524107,0.0,0.0,0.0,33132.3237565333,0.0,-0.0,57.0813265941441,peak
Anhui,2038,2040-06-26_04:00,184772.7382732748,0.0,2031.867904,0.0,0.0,-0.0,1422.7535477234653,244.81166163999998,-0.0,0.0,0.0,0.0,633.1026262729503,789.6509214505149,0,0.0,0.0,244.81166163999998,0.0,0.0,1184.4763821757722,7.105427357601002e-15,188472.17138663816,-156493.70632800207,30004.33775500993,1974.1273036262876,0.0,0.0,28414.1078539944,12479.058294201579,12479.05829420158,53.715592102730575,peak
Anhui,2038,2040-06-26_08:00,115228.7884638733,0.0,2031.867904,0.0,1210.2123536999995,-0.0,1422.7535477234653,573.8342568,-0.0,0.0,1210.2123536999995,0.0,633.1026262729503,789.6509214505149,0,0.0,0.0,573.8342568,0.0,0.0,1184.4763821757722,4.973799150320701e-14,120467.45652609674,-86922.49075060783,31570.83847186262,1974.1273036262876,0.0,-0.0,29897.5840328539,14604.81829420158,14604.81829420158,50.77378284144094,peak
Anhui,2038,2040-06-26_12:00,161633.5497618178,0.0,2031.867904,0.0,1929.1266949500002,0.0,1422.7535477234653,814.53614536,0.0,0.0,1929.1266949500002,0.0,633.1026262729503,789.6509214505149,0,0.0,0.0,814.53614536,-2.2737367544323206e-13,0.0,1184.4763821757722,-2.842170943040401e-14,167831.8340538512,-128547.9238368888,37309.78291333622,1974.1273036262876,0.0,-0.0,35332.3644189294,13679.90036155647,13679.90036155647,50.77378284144094,peak
Anhui,2038,2040-06-26_16:00,184772.7382732748,0.0,2031.867904,0.0,1025.90925444,-0.0,2688.958800269363,904.8488881599999,-0.0,0.0,1025.90925444,0.0,1899.3078788188482,789.6509214505149,0,0.0,0.0,904.8488881599999,-1.1368683772161603e-13,0.0,0.0,-2.842170943040401e-14,191424.3231201441,-152849.4298012656,38094.70019096949,480.19312790909703,0.0,0.0,36075.6810808481,2931.9142320553756,2931.914232055377,56.79703426830934,peak
Anhui,2038,2040-06-26_20:00,184772.7382732748,0.0,2031.867904,0.0,0.0,-0.0,2688.958800269363,967.6438346399999,-0.0,0.0,0.0,0.0,1899.3078788188482,789.6509214505149,0,0.0,0.0,967.6438346399999,0.0,0.0,0.0,-2.842170943040401e-14,190461.20881218414,-150503.56727805227,39957.64153413189,0.0,0.0,0.0,37839.8865328229,0.0,-0.0,57.0813265941441,peak
Anhui,2038,2040-12-19_00:00,184772.7382732748,0.0,2031.867904,0.0,0.0,0.0,331.18162666633566,203.251181896,0.0,0.0,0.0,0.0,147.37053929775746,183.81108736857817,0,0.0,0.0,203.251181896,0.0,0.0,0.0,1.4210854715202004e-14,187339.0389858371,-149407.14277618687,37820.11919706125,111.77701258900015,0.0,0.0,35815.652879617,2289.952768470499,2289.952768470499,58.39751841181264,typical
Anhui,2038,2040-12-19_04:00,184772.7382732748,0.0,2031.867904,0.0,0.0,-0.0,331.18162666633566,249.76299011999998,-0.0,0.0,0.0,0.0,147.37053929775746,183.81108736857817,0,0.0,0.0,249.76299011999998,0.0,0.0,275.71663105286706,1.4210854715202004e-14,187385.55079406113,-154491.68632905636,32434.33674658332,459.52771842144546,0.0,0.0,30715.3168990144,2956.0750431968872,2956.075043196888,57.081326594144116,typical
Anhui,2038,2040-12-19_08:00,184772.7382732748,0.0,2031.867904,0.0,2777.4760708800004,0.0,331.18162666633566,97.385643096,0.0,0.0,2777.4760708800004,0.0,147.37053929775746,183.81108736857817,0,0.0,0.0,97.385643096,-2.2737367544323206e-13,0.0,275.71663105286706,3.552713678800501e-15,190010.64951791707,-155423.41617475147,34127.70562474425,459.52771842144546,0.0,0.0,32318.9372266328,4249.93795217889,4249.93795217889,56.421667220004935,typical
Anhui,2038,2040-12-19_12:00,184772.7382732748,0.0,2031.867904,0.0,4200.49577052,0.0,331.18162666633566,52.826882555999994,0.0,0.0,4200.49577052,0.0,147.37053929775746,183.81108736857817,0,0.0,0.0,52.826882555999994,2.220446049250313e-16,0.0,275.71663105286706,-1.7763568394002505e-15,191389.11045701714,-150598.145569948,40331.43716864773,459.52771842144546,0.0,0.0,38193.8709987094,5375.88048933012,5375.880489330119,55.73258996206205,typical
Anhui,2038,2040-12-19_16:00,184772.7382732748,0.0,2031.867904,0.0,828.2676294899999,-0.0,774.108406773156,421.84722103999997,-0.0,0.0,828.2676294899999,0.0,590.2973194045778,183.81108736857817,0,0.0,0.0,421.84722103999997,-5.551115123125783e-17,0.0,0.0,0.0,188828.82943457787,-147648.90590676307,41179.92352781489,0.0,0.0,0.0,38997.3875808407,280.574702243522,280.574702243522,58.954680713858814,typical
Anhui,2038,2040-12-19_20:00,184772.7382732748,0.0,2031.867904,0.0,0.0,-0.0,772.4780823460607,142.311705284,-0.0,0.0,0.0,0.0,588.6669949774824,183.81108736857817,0,0.0,0.0,142.311705284,0.0,0.0,0.0,1.4210854715202004e-14,187719.39596490495,-144525.65472324388,43193.74124166104,0.0,0.0,0.0,40904.472955853,2178.175755881499,2178.175755881499,58.954680713858814,typical
Anhui,2048,2050-06-12_00:00,172391.5280166749,0.0,2031.867904,0.0,0.0,9005.218118241082,2909.443928595707,312.57319716,9005.218118241082,0.0,0.0,0.0,1899.3078788188482,1010.1360497768592,0,0.0,312.57319716,0.0,0.0,0.0,3.410605131648481e-13,3.552713678800501e-14,186650.63116467165,-145240.0384463349,41410.59271833675,0.0,0.0,0.0,39215.8313042649,356.8807927069411,356.8807927069411,88.67483068257076,peak
Anhui,2048,2050-06-12_04:00,172391.5280166749,0.0,2031.867904,0.0,0.0,0.0,2688.958800269363,211.85463599999997,0.0,0.0,0.0,0.0,1899.3078788188484,789.6509214505149,0,0.0,211.85463599999997,0.0,0.0,0.0,0.0,3.552713678800501e-14,177324.2093569443,-141810.70126608363,35513.50809086061,0.0,0.0,0.0,33631.292162045,37559.14222006515,37559.14222006515,88.67483068257081,peak
Anhui,2048,2050-06-12_08:00,0.0,0.0,2031.867904,0.0,366845.6935004402,0.0,2030.0306262729503,0.0,0.0,366845.6935004402,0.0,0.0,633.1026262729503,1396.9279999999999,0,0.0,0.0,0.0,5.820766091346741e-11,16863.70434127544,2095.392,0.0,370907.59203071333,-313183.9298278577,37367.63786158004,20356.02434127544,-0.0,-0.0,35387.1530549163,226855.3523726527,226855.3523726527,-0.0,peak
Anhui,2048,2050-06-12_12:00,0.0,0.0,2031.867904,0.0,372293.91147021507,0.0,2030.0306262729503,7.7564637024000005,0.0,372293.91147021507,0.0,0.0,633.1026262729503,1396.9279999999999,0,0.0,7.7564637024000005,0.0,5.820766091346741e-11,16863.70434127544,2095.392,0.0,376363.5664641907,-311847.21809977357,44160.3240231415,20356.02434127544,-0.0,-0.0,41819.826849915,226855.3523726527,226855.3523726527,-0.0,peak
Anhui,2048,2050-06-12_16:00,0.0,0.0,2031.867904,0.0,322038.22866001993,0.0,2030.0306262729503,288.6895515,0.0,322038.22866001993,0.0,0.0,633.1026262729503,1396.9279999999999,0,0.0,288.6895515,0.0,-1.1641532182693481e-10,16863.70434127544,2095.392,0.0,326388.8167417932,-277807.1348469445,45089.36189484826,3492.3199999999997,-0.0,0.0,42699.6257144213,107482.83676538481,107482.8367653848,33.051439364973376,peak
Anhui,2048,2050-06-12_20:00,172391.5280166749,0.0,2031.867904,0.0,0.0,16863.70434127544,3661.6873075914737,472.5968973599999,16863.70434127544,0.0,0.0,0.0,1899.3078788188484,1762.3794287726255,0,0.0,472.5968973599999,0.0,0.0,0.0,0.0,7.105427357601002e-14,195421.38446690186,-148127.0219816922,47294.36248520962,0.0,0.0,0.0,44787.7612734935,11022.468563776984,11022.46856377699,88.67483068257081,peak
Anhui,2048,2050-12-12_00:00,172391.5280166749,0.0,2031.867904,0.0,0.0,0.0,331.18162666633566,4141.07673,0.0,0.0,0.0,0.0,147.37053929775746,183.81108736857817,0,0.0,4141.07673,0.0,0.0,0.0,0.0,0.0,178895.6542773413,-134131.28986880236,44764.36440853886,0.0,0.0,0.0,42391.8530948863,59087.72854984458,59087.72854984458,89.23645633491581,typical
Anhui,2048,2050-12-12_04:00,172391.5280166749,0.0,2031.867904,0.0,0.0,0.0,331.18162666633566,4398.912848399999,0.0,0.0,0.0,0.0,147.37053929775746,183.81108736857817,0,0.0,4398.912848399999,0.0,0.0,0.0,275.71663105286706,5.684341886080801e-13,179153.4903957413,-140304.27749657776,38389.68518074203,459.52771842144546,0.0,0.0,36355.0318661627,80924.95424961025,80924.95424961024,86.59089201499907,typical
Anhui,2048,2050-12-12_08:00,107554.27991526088,0.0,2031.867904,0.0,135394.08871552072,0.0,331.18162666633566,4130.094624599999,0.0,135394.08871552072,0.0,0.0,147.37053929775746,183.81108736857817,0,0.0,4130.094624599999,0.0,2.9103830456733704e-11,0.0,275.71663105286706,5.684341886080801e-13,249441.51278604794,-208588.00737936734,40393.97768825914,459.52771842144546,0.0,0.0,38253.0968707814,126808.31071829081,126808.3107182908,79.6674334675336,typical
Anhui,2048,2050-12-12_12:00,20482.0,0.0,2031.867904,0.0,235020.2066189286,0.0,331.18162666633566,4124.4487074,0.0,235020.2066189286,0.0,0.0,147.37053929775746,183.81108736857817,0,0.0,4124.4487074,0.0,-5.820766091346741e-11,0.0,275.71663105286706,5.684341886080801e-13,261989.70485699494,-213793.3854819856,47736.79165658785,459.52771842144546,0.0,0.0,45206.7416987887,128687.44634862161,128687.4463486216,79.66743346753366,typical
Anhui,2048,2050-12-12_16:00,172391.5280166749,0.0,2031.867904,0.0,24886.865009151592,0.0,331.18162666633566,4809.878984399999,0.0,24886.865009151592,0.0,0.0,147.37053929775746,183.81108736857817,0,0.0,4809.878984399999,0.0,0.0,0.0,0.0,5.684341886080801e-13,204451.32154089282,-155598.47384288668,48741.07068541722,111.77701258900015,0.0,0.0,46157.7939390901,28397.04382264943,28397.04382264943,88.67483068257079,typical
Anhui,2048,2050-12-12_20:00,172391.5280166749,0.0,2031.867904,0.0,0.0,-0.0,1215.4048624528807,4372.913311199999,-0.0,0.0,0.0,0.0,1031.5937750843027,183.81108736857817,0,0.0,4372.913311199999,0.0,0.0,0.0,0.0,5.684341886080801e-13,180011.71409432773,-128887.06366593661,51124.65042839124,0.0,0.0,0.0,48415.0439556865,66090.19242206188,66090.19242206188,89.71400692251585,typical
Fujian,2038,2040-06-26_00:00,14075.807694197716,0.0,12194.665922560001,0.0,0.0,-0.0,7753.727866507968,4264.955320010977,-0.0,0.0,0.0,0.0,7453.517349669245,300.210516838723,-0.0,0.0,3598.720132294977,666.2351877159999,0.0,0.0,-2.2737367544323206e-13,8.242295734817162e-13,38289.156803276666,7439.698479416065,45728.85528269272,0.0,0.0,0.0,43305.22595271,0.0,-0.0,61.28416826864053,peak
Fujian,2038,2040-06-26_04:00,12750.126006686563,0.0,12194.665922560001,0.0,0.0,-0.0,7753.727866507968,3788.678336614037,-0.0,0.0,0.0,0.0,7453.517349669245,300.210516838723,-0.0,0.0,3196.843104262037,591.835232352,0.0,0.0,0.0,2.842170943040401e-14,36487.19813236855,4997.757475824894,41484.95560819346,0.0,0.0,0.0,39286.2529609592,12479.058294201579,12479.05829420158,59.482168584869406,peak
Fujian,2038,2040-06-26_08:00,0.0,0.0,12194.665922560001,0.0,59655.82181563466,0.0,3015.9457832230833,1855.7983241443526,0.0,59098.39693755465,557.42487808,0.0,2484.505783223083,531.4399999999999,-0.0,0.0,1565.9012321283528,289.897092016,-3.637978807091713e-12,0.0,797.16,7.105427357601002e-15,76722.23184556207,-32157.83625023062,43235.79559533147,1328.6,0.0,0.0,40944.2984287789,14604.81829420158,14604.81829420158,26.03444693974465,peak
Fujian,2038,2040-06-26_12:00,0.0,0.0,12194.665922560001,0.0,51615.92191682172,0.0,2784.716300061806,2853.55276626136,0.0,51077.273336981714,538.64857984,0.0,2484.505783223083,300.210516838723,-0.0,0.0,2407.7949281973597,445.7578380640001,-5.728750807065808e-14,0.0,450.31577525808444,3.836930773104541e-13,69448.85690570487,-17029.93811440478,51668.39249920328,750.5262920968074,0.0,0.0,48929.9676967455,13679.90036155647,13679.90036155647,50.303089924211,peak
Fujian,2038,2040-06-26_16:00,0.0,0.0,12194.665922560001,0.0,37934.158202150225,-0.0,2784.716300061806,4253.492252758183,-0.0,37569.70466935022,364.4535328,0.0,2484.505783223083,300.210516838723,-0.0,0.0,3589.047728294184,664.444524464,-3.637978807091713e-12,0.0,367.2747913261116,1.4210854715202004e-14,57167.03267753023,-3991.671057971391,52507.87631139398,667.4853081648346,0.0,0.0,49724.9588668901,2931.9142320553756,2931.914232055377,56.27050344366613,peak
Fujian,2038,2040-06-26_20:00,14075.807694197716,0.0,12194.665922560001,0.0,0.0,-0.0,7753.727866507968,2555.3996622647396,-0.0,0.0,0.0,0.0,7453.517349669245,300.210516838723,-0.0,0.0,2156.2167761767396,399.182886088,0.0,0.0,0.0,-3.979039320256561e-13,36579.6011455304,14152.692516044453,50732.29366157487,0.0,0.0,0.0,48043.4820975114,0.0,-0.0,63.64954604950469,peak
Fujian,2038,2040-12-19_00:00,14075.807694197716,0.0,12194.665922560001,0.0,0.0,-0.0,4133.6474660295835,8049.9354359167555,-0.0,0.0,0.0,0.0,4063.503790468703,70.1436755608805,-0.0,0.0,6792.442720556756,1257.4927153600001,0.0,0.0,0.0,7.389644451905042e-13,38454.056518704056,4523.126592259931,42977.183110964,0.0,0.0,0.0,40699.3924060829,2289.952768470499,2289.952768470499,63.649546049504735,typical
Fujian,2038,2040-12-19_04:00,14075.807694197716,0.0,12194.665922560001,0.0,0.0,0.0,650.6442170564096,9148.0094282807,0.0,0.0,0.0,0.0,580.5005414955291,70.1436755608805,-0.0,0.0,7718.984896632701,1429.024531648,0.0,0.0,0.0,1.5347723092418164e-12,36069.12726209482,2962.1820494832023,38988.65437373696,42.65493784107591,0.0,0.0,36922.2556919289,2956.0750431968872,2956.075043196888,61.28416826864052,typical
Fujian,2038,2040-12-19_08:00,0.0,0.0,12194.665922560001,0.0,26430.96763515194,0.0,650.6442170564096,8131.8347297624205,0.0,26207.12080187194,223.84683327999997,0.0,580.5005414955291,70.1436755608805,-0.0,0.0,6861.54840056242,1270.2863292,-3.637978807091713e-12,0.0,105.2155133413207,7.389644451905042e-13,47408.11250453079,-6598.61338884071,40634.13992678786,175.3591889022013,0.0,0.0,38480.5305106681,4249.93795217889,4249.93795217889,55.89861619539061,typical
Fujian,2038,2040-12-19_12:00,0.0,0.0,12194.665922560001,0.0,38770.04585191665,0.0,650.6442170564096,7052.280179795755,0.0,38406.44173607665,363.60411583999996,0.0,580.5005414955291,70.1436755608805,-0.0,0.0,5950.632716487757,1101.6474633080002,0.0,0.0,105.2155133413207,8.526512829121202e-13,58667.63617132881,-9932.960293652051,48559.31668877455,175.3591889022013,0.0,0.0,45985.6729042695,5375.88048933012,5375.880489330119,55.21592695438457,typical
Fujian,2038,2040-12-19_16:00,14075.807694197716,0.0,12194.665922560001,0.0,16069.046307273215,-0.0,650.6442170564096,6533.480742967875,-0.0,15958.326534473214,110.71977280000002,0.0,580.5005414955291,70.1436755608805,-0.0,0.0,5512.875732451875,1020.605010516,0.0,0.0,105.2155133413207,-1.4210854715202004e-14,49523.64488405522,0.0,49348.285695153,175.3591889022013,0.0,0.0,46732.8265533099,280.574702243522,280.574702243522,61.25866664387271,typical
Fujian,2038,2040-12-19_20:00,14075.807694197716,0.0,12194.665922560001,0.0,0.0,-0.0,650.6442170564096,7666.609900206246,-0.0,0.0,0.0,0.0,580.5005414955291,70.1436755608805,-0.0,0.0,6468.997052530245,1197.612847676,0.0,0.0,0.0,7.105427357601002e-13,34587.72773402038,13091.818601746056,47679.54633576642,0.0,0.0,0.0,45152.5303799708,2178.175755881499,2178.175755881499,63.649546049504735,typical
Fujian,2048,2050-06-12_00:00,18902.953549625272,0.0,12194.665922560001,0.0,0.0,11500.31295564287,10439.349274744323,1087.961298217809,11500.31295564287,0.0,0.0,0.0,10139.1387579056,300.210516838723,870.6920838,0.0,217.26921441780888,0.0,0.0,356.88079270693925,0.0,4.973799150320701e-14,54125.243000790295,0.0,54125.24300079029,0.0,0.0,0.0,51256.6051217484,356.8807927069411,356.8807927069411,93.25637186313651,peak
Fujian,2048,2050-06-12_04:00,18902.953549625272,0.0,12194.665922560001,0.0,0.0,0.0,2784.716300061806,815.9085207356216,0.0,0.0,0.0,0.0,2484.505783223083,300.210516838723,381.3246591,0.0,434.58386163562164,0.0,0.0,11857.19374834981,0.0,-7.105427357601002e-15,34698.24429298271,14403.866164181818,49102.11045716452,0.0,0.0,0.0,46499.6986029348,37559.14222006515,37559.14222006515,93.25637186313651,peak
Fujian,2048,2050-06-12_08:00,0.0,0.0,12194.665922560001,0.0,27385.760268622795,0.0,3015.9457832230833,1564.4541640342968,0.0,27385.760268622795,0.0,0.0,2484.505783223083,531.4399999999999,1146.0384012,0.0,418.4157628342964,0.0,1.8189894035458565e-12,11857.19374834981,797.16,4.973799150320701e-14,44160.82613844015,20199.394095400556,51174.42648549092,13185.79374834981,-0.0,0.0,48462.1818817599,226855.3523726527,226855.3523726527,14.213704416227634,peak
Fujian,2048,2050-06-12_12:00,0.0,0.0,12194.665922560001,0.0,49613.39507021048,0.0,3015.9457832230833,3514.463309043579,0.0,49613.39507021048,0.0,0.0,2484.505783223083,531.4399999999999,2982.803901,0.0,531.6594080435785,0.0,-1.8189894035458565e-12,11857.19374834981,797.16,-3.552713678800501e-13,68338.47008503716,6002.67693405197,61155.35327073929,13185.79374834981,-0.0,0.0,57914.1195473901,226855.3523726527,226855.3523726527,-0.0,peak
Fujian,2048,2050-06-12_16:00,0.0,0.0,12194.665922560001,0.0,21208.81046818159,-0.0,2784.716300061806,4256.411920664514,-0.0,21208.81046818159,0.0,0.0,2484.505783223083,300.210516838723,3469.359201,0.0,787.0527196645127,0.0,-5.4569682106375694e-12,11857.19374834981,101.67335796518523,-5.542233338928781e-13,40444.60461146791,22106.256036110448,62148.97677277445,401.8838748039082,-0.0,0.0,58855.0810038174,107482.83676538481,107482.8367653848,35.30797417888794,peak
Fujian,2048,2050-06-12_20:00,18902.953549625272,0.0,12194.665922560001,0.0,0.0,6688.622254325743,10037.118024717774,2627.0960548470716,6688.622254325743,0.0,0.0,0.0,9736.907507879052,300.210516838723,2052.8015508,0.0,574.2945040470732,0.0,0.0,5168.571494024067,0.0,9.947598300641403e-14,50450.45580607586,9596.91921447168,60047.37502054752,0.0,0.0,0.0,56864.8641444585,11022.468563776984,11022.46856377699,93.25637186313651,peak
Fujian,2048,2050-12-12_00:00,3800.0,0.0,12194.665922560001,0.0,0.0,0.0,650.6442170564096,36897.32560590251,0.0,0.0,0.0,0.0,580.5005414955291,70.1436755608805,25886.638701,0.0,11010.686904902517,0.0,0.0,11857.19374834981,0.0,-1.5916157281026244e-12,53542.63574551891,-2674.306219440035,50868.32952607889,0.0,0.0,0.0,48172.3080611967,59087.72854984458,59087.72854984458,88.40919932145458,typical
Fujian,2048,2050-12-12_04:00,0.0,0.0,12194.665922560001,0.0,0.0,0.0,650.6442170564096,36889.97648790608,0.0,0.0,0.0,0.0,580.5005414955291,70.1436755608805,25835.674095,0.0,11054.30239290609,0.0,0.0,11857.19374834981,0.0,3.183231456205249e-12,49735.28662752247,-3587.82942119651,46147.45720632598,0.0,0.0,0.0,43701.6419743907,80924.95424961025,80924.95424961024,85.78816042229187,typical
Fujian,2048,2050-12-12_08:00,0.0,0.0,12194.665922560001,0.0,25441.759748483935,0.0,650.6442170564096,34309.7062148487,0.0,25441.759748483935,0.0,0.0,580.5005414955291,70.1436755608805,23955.618918,0.0,10354.087296848695,0.0,0.0,11857.19374834981,105.2155133413207,1.5916157281026244e-12,72596.77610294904,-24326.34250054178,48095.07441350507,175.3591889022013,0.0,0.0,45546.0354695893,126808.31071829081,126808.3107182908,78.9288850559615,typical
Fujian,2048,2050-12-12_12:00,0.0,0.0,12194.665922560001,0.0,56533.94600403814,0.0,840.4447509270274,32571.246239813638,0.0,56533.94600403814,0.0,0.0,580.5005414955291,259.9442094314982,22644.860931,0.0,9926.385308813638,0.0,1.8189894035458565e-12,11857.19374834981,389.9163141472473,0.0,102140.3029173388,-32157.83625023062,57475.41239517962,12507.054271928555,0.0,0.0,54429.2155382351,128687.44634862161,128687.4463486216,61.10427821525109,typical
Fujian,2048,2050-12-12_16:00,3800.0,0.0,12194.665922560001,0.0,23268.205334995346,0.0,650.6442170564096,32451.75572180607,0.0,23268.205334995346,0.0,0.0,580.5005414955291,70.1436755608805,22617.646821,0.0,9834.108900806072,0.0,-9.094947017729282e-13,11857.19374834981,0.0,3.183231456205249e-12,72365.27119641785,-13956.02525289469,58409.24594352313,0.0,0.0,0.0,55313.5559085164,28397.04382264943,28397.04382264943,87.85278015958352,typical
Fujian,2048,2050-12-12_20:00,3800.0,0.0,12194.665922560001,0.0,0.0,9094.467604984307,4133.6474660295835,30347.160788731282,9094.467604984307,0.0,0.0,0.0,4063.503790468703,70.1436755608805,21425.366424,0.0,8921.79436473129,0.0,0.0,2762.726143365502,0.0,4.774847184307873e-12,59569.941782305206,-3135.836540936637,56434.10524136854,0.0,0.0,0.0,53443.097663576,66090.19242206188,66090.19242206188,88.88232282746594,typical
Jiangsu,2038,2040-06-26_00:00,7956.752073463461,0.0,8986.908508159999,0.0,0.0,-0.0,2790.805394401688,1193.072188,-0.0,0.0,0.0,0.0,2031.047627793331,759.7577666083566,-0.0,0.0,870.6390061376001,322.4331818624,0.0,0.0,0.0,-2.4868995751603507e-14,20927.538164025143,85627.68156267707,106555.2197267022,0.0,0.0,0.0,100907.793081187,0.0,-0.0,57.592052919433634,peak
Jiangsu,2038,2040-06-26_04:00,0.0,0.0,8986.908508159999,0.0,0.0,0.0,1327.8431300825232,1529.7402119999995,0.0,0.0,0.0,0.0,568.0853634741665,759.7577666083566,-0.0,0.0,1116.3209663423997,413.41924565759996,0.0,0.0,1139.6366499125347,2.753353101070388e-13,11844.491850242524,88052.08149482496,97997.17892854656,1899.3944165208918,0.0,0.0,92803.3284453336,12479.058294201579,12479.05829420158,56.17885358464803,peak
Jiangsu,2038,2040-06-26_08:00,0.0,0.0,8986.908508159999,0.0,1461.355078173838,0.0,1327.8431300825232,1581.4324680000002,0.0,0.0,1445.3535401760003,16.00153799783763,568.0853634741665,759.7577666083566,-0.0,0.0,1154.0431551936003,427.38931280639997,-3.552713678800501e-15,0.0,1139.6366499125347,-3.8546943414985435e-13,13357.539184416366,96038.00875325025,107496.1535211457,1899.3944165208918,0.0,0.0,101798.857384525,14604.81829420158,14604.81829420158,51.22807339631949,peak
Jiangsu,2038,2040-06-26_12:00,0.0,0.0,8986.908508159999,0.0,3037.7984670101787,0.0,1327.8431300825232,5652.62236,0.0,0.0,2358.320255102,679.4782119081787,568.0853634741665,759.7577666083566,-0.0,0.0,4124.975473472001,1527.646886528,0.0,0.0,1139.6366499125352,-1.1368683772161603e-13,19005.17246525271,107260.26108570643,124366.0391344382,1899.3944165208918,0.0,0.0,117774.639060313,13679.90036155647,13679.90036155647,53.079074139915534,peak
Jiangsu,2038,2040-06-26_16:00,10104.532485512576,0.0,8986.908508159999,0.0,1527.461802295693,0.0,1327.8431300825232,6717.72948,0.0,0.0,749.6682264007999,777.7935758948929,568.0853634741665,759.7577666083566,-0.0,0.0,4902.232552896001,1815.496927104,-2.2737367544323206e-13,0.0,0.0,-1.7053025658242404e-13,28664.47540605079,98540.1843286555,126742.6448766336,462.01485807264953,0.0,0.0,120025.284698172,2931.9142320553756,2931.914232055377,57.592052919433634,peak
Jiangsu,2038,2040-06-26_20:00,22836.89482017832,0.0,8986.908508159999,0.0,16.3925243977848,-0.0,3273.393046608357,6238.558480000001,-0.0,0.0,0.0,16.3925243977848,2513.6352800000004,759.7577666083566,-0.0,0.0,4552.559693696001,1685.9987863039999,-7.105427357601002e-15,0.0,0.0,-1.1368683772161603e-13,41352.14737934447,81409.86806398077,122762.0154433252,0.0,0.0,0.0,116255.628624829,0.0,-0.0,57.592052919433634,peak
Jiangsu,2038,2040-12-19_00:00,25735.5,0.0,8986.908508159999,0.0,0.0,0.0,310.3781933755305,1121.352848,0.0,0.0,0.0,0.0,132.78775542351553,177.590437952015,-0.0,0.0,818.3021437696001,303.05070423039996,0.0,0.0,266.3856569280225,1.3145040611561853e-13,36154.139549535525,80323.16665459791,116033.3301092534,443.9760948800375,0.0,0.0,109883.563613463,2289.952768470499,2289.952768470499,58.920021159454684,typical
Jiangsu,2038,2040-12-19_04:00,11252.953145734296,0.0,8986.908508159999,0.0,0.0,0.0,310.3781933755305,1245.16546,0.0,0.0,0.0,0.0,132.78775542351553,177.590437952015,-0.0,0.0,908.6538345920002,336.51162540799993,0.0,0.0,266.3856569280225,-2.4868995751603507e-14,21795.405307269823,85362.62047524058,106714.0496876304,443.9760948800375,0.0,0.0,101058.205054186,2956.0750431968872,2956.075043196888,57.592052919433655,typical
Jiangsu,2038,2040-12-19_08:00,2993.160934048422,0.0,8986.908508159999,0.0,2630.6177772140004,0.0,574.3639795204197,499.40721600000006,0.0,0.0,2630.6177772140004,0.0,132.78775542351553,441.57622409690407,-0.0,0.0,364.44014584320007,134.9670701568,2.2737367544323206e-13,0.0,662.364336145356,-8.881784197001252e-15,15684.45841494284,102477.44231830472,117057.9601730053,1103.94056024226,0.0,0.0,110853.888283836,4249.93795217889,4249.93795217889,57.592052919433655,typical
Jiangsu,2038,2040-12-19_12:00,24281.87134901321,0.0,8986.908508159999,0.0,4915.496869432401,0.0,310.3781933755305,0.0,0.0,0.0,4104.460125542,811.0367438904005,132.78775542351553,177.590437952015,-0.0,0.0,0.0,0.0,1.1368683772161603e-13,0.0,266.3856569280225,0.0,38494.654919981134,97377.7470209433,135428.4258460444,443.9760948800375,0.0,0.0,128250.719276204,5375.88048933012,5375.880489330119,57.592052919433655,typical
Jiangsu,2038,2040-12-19_16:00,47748.23352019081,0.0,8986.908508159999,0.0,1147.4416693143464,-0.0,1137.1508317135977,416.1748360000001,-0.0,0.0,281.2451774314,866.1964918829465,158.00355219437833,979.1472795192194,-0.0,0.0,303.70169486720005,112.4731411328,-1.1368683772161603e-13,0.0,0.0,2.5757174171303632e-14,59435.90936537877,78580.52182973217,138016.4311951109,0.0,0.0,0.0,130701.56034177,280.574702243522,280.574702243522,59.48216858486944,typical
Jiangsu,2038,2040-12-19_20:00,47175.99174839392,0.0,8986.908508159999,0.0,0.0,0.0,1081.888929145763,1395.9431639999993,0.0,0.0,0.0,0.0,904.2984911937481,177.590437952015,-0.0,0.0,1018.6831787327999,377.2599852671999,0.0,0.0,266.3856569280225,1.1901590823981678e-13,58640.73234969969,75484.96763770841,133681.723892528,443.9760948800375,0.0,0.0,126596.592526224,2178.175755881499,2178.175755881499,59.48216858486944,typical
Jiangsu,2048,2050-06-12_00:00,28167.5,0.0,8986.90850816,0.0,0.0,6570.708601850493,2622.722173049023,2159.2158702467677,6570.708601850493,0.0,0.0,0.0,1392.361531086767,1230.3606419622556,-0.0,0.0,2159.2158702467677,0.0,0.0,0.0,0.0,0.0,48507.05515330628,77613.03084178669,126120.0859950929,0.0,0.0,0.0,119435.721437353,356.8807927069411,356.8807927069411,89.46823499046624,peak
Jiangsu,2048,2050-06-12_04:00,25659.5,0.0,8986.90850816,0.0,0.0,24327.46444577281,3114.5646833910027,1685.364800192612,24327.46444577281,0.0,0.0,0.0,2030.2532096420268,1084.3114737489755,-0.0,0.0,1685.364800192612,0.0,0.0,0.0,0.0,6.821210263296962e-13,63773.802437516446,52216.8798157297,115990.6822532461,0.0,0.0,0.0,109843.176093824,37559.14222006515,37559.14222006515,89.46823499046624,peak
Jiangsu,2048,2050-06-12_08:00,0.0,0.0,8986.90850816,0.0,3898.1818712770933,0.0,1912.7804034741666,569.9836800651409,0.0,3859.051840482381,0.0,39.13003079471216,568.0853634741665,1344.69504,-0.0,0.0,569.9836800651409,0.0,9.023892744153272e-13,46899.39321698576,2017.0425599999999,0.0,15367.854462976393,162127.06331443484,127233.7869604256,50261.13081698576,-0.0,0.0,120490.396251523,226855.3523726527,226855.3523726527,6.180438267537979,peak
Jiangsu,2048,2050-06-12_12:00,0.0,0.0,8986.90850816,0.0,5209.628564419186,0.0,1912.7804034741666,786.0942600898392,0.0,4317.716480539714,0.0,891.9120838794714,568.0853634741665,1344.69504,-0.0,0.0,786.0942600898392,0.0,6.821210263296962e-13,46899.39321698576,2017.0425599999999,0.0,16895.411736143193,180566.91289128404,147201.1938104414,50261.13081698576,-0.0,0.0,139399.530538488,226855.3523726527,226855.3523726527,-0.0,peak
Jiangsu,2048,2050-06-12_16:00,0.0,0.0,8986.90850816,0.0,4129.992916289925,-0.0,1912.7804034741666,2706.1465203092725,-0.0,3259.969440407496,0.0,870.0234758824294,568.0853634741665,1344.69504,-0.0,0.0,2706.1465203092725,0.0,3.410605131648481e-13,46899.39321698576,2017.0425599999999,3.410605131648481e-13,17735.82834823336,135640.08323672117,150014.1739849546,3361.7376000000004,-0.0,0.0,142063.422763752,107482.83676538481,107482.8367653848,33.3471619975678,peak
Jiangsu,2048,2050-06-12_20:00,27231.040538355654,0.0,8986.90850816,0.0,50.08687039323151,41045.49614723284,2804.453766827472,3001.9188503430764,41045.49614723284,0.0,0.0,50.08687039323151,1690.1535305387038,1114.3002362887685,-0.0,0.0,3001.9188503430764,0.0,-1.4210854715202004e-14,5853.897069752915,0.0,-3.410605131648481e-13,83119.90468131227,62182.746698451214,145302.6513797635,0.0,0.0,0.0,137601.610856636,11022.468563776984,11022.46856377699,89.46823499046624,peak
Jiangsu,2048,2050-12-12_00:00,35634.5,0.0,8986.90850816,0.0,0.0,0.0,310.3781933755305,8000.3378009143225,0.0,0.0,0.0,0.0,132.78775542351553,177.590437952015,-0.0,0.0,8000.3378009143225,0.0,0.0,46899.39321698576,0.0,0.0,52932.1245024499,84514.36524603405,137338.4955632429,107.99418524109018,0.0,0.0,130059.555298391,59087.72854984458,59087.72854984458,90.0348857013151,typical
Jiangsu,2048,2050-12-12_04:00,23835.5,0.0,8986.90850816,0.0,0.0,0.0,310.3781933755305,8411.04600096126,0.0,0.0,0.0,0.0,132.78775542351553,177.590437952015,-0.0,0.0,8411.04600096126,0.0,0.0,46899.39321698576,266.3856569280225,0.0,41543.832702496824,85208.22250862198,126308.0791162387,443.9760948800375,0.0,0.0,119613.750923078,80924.95424961025,80924.95424961024,87.36565060456034,typical
Jiangsu,2048,2050-12-12_08:00,0.0,0.0,8986.90850816,0.0,1464.7841601830978,0.0,310.3781933755305,6869.672600785107,0.0,1464.7841601830978,0.0,0.0,132.78775542351553,177.590437952015,-0.0,0.0,6869.672600785107,0.0,2.8421709430404007e-13,46899.39321698576,266.3856569280225,0.0,17631.74346250374,141273.97370081826,138551.2604759789,20354.456687343096,0.0,0.0,131208.043670752,126808.31071829081,126808.3107182908,80.38024548449008,typical
Jiangsu,2048,2050-12-12_12:00,0.0,0.0,8986.90850816,0.0,3200.9235721810637,0.0,310.3781933755305,7353.988600840454,0.0,2358.855520294857,0.0,842.0680518862071,132.78775542351553,177.590437952015,-0.0,0.0,7353.988600840454,0.0,1.1368683772161603e-13,41236.05554441537,266.3856569280225,0.0,19852.198874557056,182122.60535017648,160294.7725854382,41680.03163929541,0.0,0.0,151799.14963841,128687.44634862161,128687.4463486216,80.38024548449008,typical
Jiangsu,2048,2050-12-12_16:00,28163.51115805842,0.0,8986.90850816,0.0,986.0103006991325,46899.39321698576,310.3781933755305,9422.038501076806,46899.39321698576,124.4623408155578,0.0,861.5479598835747,132.78775542351553,177.590437952015,-0.0,0.0,9422.038501076806,0.0,-2.2737367544323206e-13,0.0,0.0,0.0,94768.23987835564,68589.72809082075,163357.9679691764,0.0,0.0,0.0,154699.99566681,28397.04382264943,28397.04382264943,89.46823499046627,typical
Jiangsu,2048,2050-12-12_20:00,35634.5,0.0,8986.90850816,0.0,0.0,0.0,1107.104725916626,8893.441201016392,0.0,0.0,0.0,0.0,929.514287964611,177.590437952015,-0.0,0.0,8893.441201016392,0.0,0.0,46899.39321698576,0.0,0.0,54621.95443509304,103605.39995018272,158227.3543852756,0.0,0.0,0.0,149841.304602856,66090.19242206188,66090.19242206188,90.51670909880406,typical
Shanghai,2038,2040-06-26_00:00,5510.0,0.0,0,0.0,0.0,-0.0,0,0.0,-0.0,-0.0,0.0,-0.0,0,0,-0.0,-0.0,0.0,0.0,0.0,0.0,0,0.0,5510.0,24682.80584156284,30192.80584156283,0.0,0.0,0.0,28592.58713196,0.0,-0.0,58.870870338322725,peak
Shanghai,2038,2040-06-26_04:00,0.0,0.0,0,0.0,0.0,-0.0,0,0.0,-0.0,-0.0,0.0,-0.0,0,0,0.0,-0.0,0.0,0.0,0.0,0.0,0,0.0,0.0,26289.721951099367,26289.72195109937,0.0,0.0,-0.0,24896.3666876911,12479.058294201579,12479.05829420158,57.139831266894696,peak
Shanghai,2038,2040-06-26_08:00,0.0,0.0,0,0.0,3431.3485013640006,-0.0,0,0.0,-0.0,2390.68824204,276.356103324,764.304156,0,0,-0.0,-0.0,0.0,0.0,-4.547473508864641e-13,0.0,0,0.0,3431.3485013640006,29491.581675216996,32922.93017658099,0.0,0.0,-0.0,31178.0148772222,14604.81829420158,14604.81829420158,52.10436460016507,peak
Shanghai,2038,2040-06-26_12:00,2063.537047905559,0.0,0,0.0,4043.6402569499996,-0.0,0,0.0,-0.0,2644.2012345,305.66141445,1093.777608,0,0,-0.0,-0.0,0.0,0.0,0.0,0.0,0,0.0,6107.177304855559,34382.62147047805,40489.79877533358,0.0,0.0,-0.0,38343.8394402409,13679.90036155647,13679.90036155647,57.592052919433634,peak
Shanghai,2038,2040-06-26_16:00,5510.0,0.0,0,0.0,1239.058974454,-0.0,0,0.0,-0.0,833.42635194,96.341486514,309.291136,0,0,-0.0,-0.0,0.0,0.0,0.0,0.0,0,0.0,6749.058974454,33237.75354870852,39986.81252316252,0.0,0.0,-0.0,37867.5114594349,2931.9142320553756,2931.914232055377,58.57720434205838,peak
Shanghai,2038,2040-06-26_20:00,7904.0,0.0,0,0.0,0.0,-0.0,0,0.0,-0.0,-0.0,0.0,-0.0,0,0,-0.0,-0.0,0.0,0.0,0.0,0.0,0,0.0,7904.0,29069.55831118501,36973.55831118501,0.0,0.0,0.0,35013.9597206922,0.0,-0.0,61.440945155193916,peak
Shanghai,2038,2040-12-19_00:00,7904.0,0.0,0,0.0,0.0,0.0,0,0.0,0.0,-0.0,0.0,-0.0,0,0,-0.0,-0.0,0.0,0.0,0.0,0.0,0,0.0,7904.0,26344.317962671073,34248.31796267107,0.0,0.0,0.0,32433.1571106495,2289.952768470499,2289.952768470499,61.14310234493154,typical
Shanghai,2038,2040-12-19_04:00,5510.0,0.0,0,0.0,0.0,0.0,0,0.0,0.0,-0.0,0.0,-0.0,0,0,-0.0,-0.0,0.0,0.0,0.0,0.0,0,0.0,5510.0,24310.969977292512,29820.96997729251,-0.0,-0.0,0.0,28240.458568496,2956.0750431968872,2956.075043196888,58.87087033832273,typical
Shanghai,2038,2040-12-19_08:00,5510.0,0.0,0,0.0,2466.461055492,0.0,0,0.0,0.0,1655.03154012,191.316483372,620.113032,0,0,-0.0,-0.0,0.0,0.0,-2.2737367544323206e-13,0.0,0,0.0,7976.461055492,29368.69284862765,37345.15390411964,-0.0,-0.0,0.0,35365.8607472013,4249.93795217889,4249.93795217889,58.57720434205838,typical
Shanghai,2038,2040-12-19_12:00,7435.104501979968,0.0,0,0.0,4110.6819396440005,0.0,0,0.0,0.0,2373.33877284,274.350558804,1462.992608,0,0,-0.0,-0.0,0.0,0.0,-2.2737367544323206e-13,0.0,0,0.0,11545.786441623968,34382.62147047805,45928.40791210201,0.0,0.0,0.0,43494.2022927606,5375.88048933012,5375.880489330119,59.48216858486944,typical
Shanghai,2038,2040-12-19_16:00,16156.00415984371,0.0,0,0.0,132.29783494479997,0.0,0,0.0,0.0,99.99763552799999,11.5594147368,20.74078468,0,0,-0.0,-0.0,0.0,0.0,0.0,0.0,0,0.0,16288.30199478851,29069.55831118501,45357.8603059735,0.0,0.0,0.0,42953.8937097569,280.574702243522,280.574702243522,61.77799479746508,typical
Shanghai,2038,2040-12-19_20:00,12870.306035893562,0.0,0,0.0,0.0,0.0,0,0.0,0.0,-0.0,0.0,-0.0,0,0,-0.0,-0.0,0.0,0.0,0.0,0.0,0,0.0,12870.306035893562,29069.55831118501,41939.86434707857,0.0,0.0,0.0,39717.0515366834,2178.175755881499,2178.175755881499,61.77799479746508,typical
Shanghai,2048,2050-06-12_00:00,3154.0,0.0,0,0.0,0.0,8772.591014953468,0,0.0,8772.591014953468,-0.0,0.0,-0.0,0,0,-0.0,-0.0,0.0,0.0,0.0,0.0,0,0.0,11926.591014953468,23809.990251903033,35736.5812668565,0.0,0.0,0.0,33842.5424597131,356.8807927069411,356.8807927069411,90.99865029106128,peak
Shanghai,2048,2050-06-12_04:00,3154.0,0.0,0,0.0,0.0,0.0,0,0.0,0.0,-0.0,0.0,-0.0,0,0,-0.0,-0.0,0.0,0.0,0.0,16428.07306171062,0,0.0,3154.0,27962.842532575087,31116.84253257508,0.0,0.0,-0.0,29467.6498783486,37559.14222006515,37559.14222006515,90.99865029106135,peak
Shanghai,2048,2050-06-12_08:00,0.0,0.0,0,0.0,4395.84040336,0.0,0,0.0,0.0,3409.27851936,0.0,986.5618840000001,0,0,-0.0,-0.0,0.0,0.0,0.0,16428.07306171062,0,0.0,4395.84040336,51000.22311185167,38967.99045350106,16428.07306171062,-0.0,-0.0,36902.6869594655,226855.3523726527,226855.3523726527,13.653985578248664,peak
Shanghai,2048,2050-06-12_12:00,0.0,0.0,0,0.0,5293.74247234,0.0,0,0.0,0.0,3742.55006034,0.0,1551.192412,0,0,-0.0,-0.0,0.0,0.0,-4.547473508864641e-13,16428.07306171062,0,0.0,5293.74247234,59058.561017186876,47924.23042781626,16428.07306171062,-0.0,-0.0,45384.246215142,226855.3523726527,226855.3523726527,4.031519109549972,peak
Shanghai,2048,2050-06-12_16:00,0.0,0.0,0,0.0,3145.54699732,-0.0,0,0.0,-0.0,2622.19093332,0.0,523.356064,0,0,-0.0,-0.0,0.0,0.0,-4.547473508864641e-13,0.0,0,0.0,3145.54699732,44183.34263404474,47328.88963136473,0.0,-0.0,-0.0,44820.4584809024,107482.83676538481,107482.8367653848,33.9175879924244,peak
Shanghai,2048,2050-06-12_20:00,3154.0,0.0,0,0.0,0.0,16428.07306171062,0,0.0,16428.07306171062,-0.0,0.0,-0.0,0,0,0.0,-0.0,0.0,0.0,0.0,0.0,0,0.0,19582.07306171062,24180.29133218189,43762.3643938925,0.0,0.0,0.0,41442.9590810162,11022.468563776984,11022.46856377699,90.99865029106135,peak
Shanghai,2048,2050-12-12_00:00,17744.20643661077,0.0,0,0.0,0.0,0.0,0,0.0,0.0,-0.0,0.0,-0.0,0,0,-0.0,-0.0,0.0,0.0,0.0,0.0,0,0.0,17744.20643661077,22792.529517929677,40536.73595454044,0.0,0.0,0.0,38388.2889489498,59087.72854984458,59087.72854984458,91.57499394955877,typical
Shanghai,2048,2050-12-12_04:00,1900.0,0.0,0,0.0,0.0,0.0,0,0.0,0.0,-0.0,0.0,-0.0,0,0,-0.0,-0.0,0.0,0.0,0.0,4990.535884457072,0,0.0,1900.0,38387.00758842107,35296.47170396399,4990.535884457072,0.0,0.0,33425.7587036539,80924.95424961025,80924.95424961024,88.86009976236373,typical
Shanghai,2048,2050-12-12_08:00,0.0,0.0,0,0.0,1711.69354566,0.0,0,0.0,0.0,1230.47434566,0.0,481.2192,0,0,-0.0,-0.0,0.0,0.0,0.0,16428.07306171062,0,0.0,1711.69354566,58918.56908468838,44202.1895686378,16428.07306171062,-0.0,0.0,41859.4735215,126808.31071829081,126808.3107182908,82.1644226631548,typical
Shanghai,2048,2050-12-12_12:00,0.0,0.0,0,0.0,3346.1929715200004,16428.07306171062,0,0.0,16428.07306171062,2113.42019952,0.0,1232.772772,0,0,-0.0,-0.0,0.0,0.0,-4.547473508864641e-13,0.0,0,0.0,19774.266033230622,34587.169946619746,54361.43597985037,0.0,-0.0,0.0,51480.2798729183,128687.44634862161,128687.4463486216,81.75520451400664,typical
Shanghai,2048,2050-12-12_16:00,3154.0,0.0,0,0.0,49.67552379999999,0.0,0,0.0,0.0,44.24604743999999,0.0,5.429476360000001,0,0,-0.0,-0.0,0.0,0.0,0.0,16428.07306171062,0,0.0,3203.6755238,50482.453199082694,53686.12872288268,0.0,0.0,0.0,50840.7639005699,28397.04382264943,28397.04382264943,90.9986502910613,typical
Shanghai,2048,2050-12-12_20:00,40539.44090656145,0.0,0,0.0,0.0,0.0,0,0.0,0.0,-0.0,0.0,-0.0,0,0,-0.0,-0.0,0.0,0.0,0.0,16428.07306171062,0,0.0,40539.44090656145,9101.105203171297,49640.54610973274,0.0,0.0,0.0,47009.5971659169,66090.19242206188,66090.19242206188,92.06505926553181,typical
Zhejiang,2038,2040-06-26_00:00,18080.946199392067,0.0,11419.097620480003,0.0,0.0,-0.0,9546.87668356118,3985.0429233019995,-0.0,0.0,0.0,0.0,7976.520798069656,1570.3558854915232,-0.0,0.0,3542.2937311999995,442.749192102,0.0,0.0,0.0,-1.4210854715202004e-14,43031.96342673521,34395.01518291811,77426.97860965334,0.0,0.0,0.0,73323.3487433417,0.0,-0.0,59.482168584869406,peak
Zhejiang,2038,2040-06-26_04:00,17100.0,0.0,11419.097620480003,0.0,0.0,-0.0,3801.6749640002317,4534.569436404,-0.0,0.0,0.0,0.0,2231.3190785087086,1570.3558854915232,-0.0,0.0,4030.7663424,503.803094004,0.0,0.0,2355.5338282372836,-7.105427357601002e-15,36855.34202088424,34634.32287655964,67563.7751837151,3925.8897137288077,0.0,0.0,63982.8950989782,12479.058294201579,12479.05829420158,57.73315489979992,peak
Zhejiang,2038,2040-06-26_08:00,0.0,0.0,11419.097620480003,0.0,79014.23611997999,0.0,3801.6749640002317,4481.043653618,0.0,73996.64832000001,5017.5877999799995,0.0,2231.3190785087086,1570.3558854915232,-0.0,0.0,3983.1874208,497.85623281799997,3.183231456205249e-12,0.0,2355.5338282372836,5.968558980384842e-13,98716.0523580782,-9517.607414215,85272.55523013443,3925.8897137288077,0.0,-0.0,80753.1098029373,14604.81829420158,14604.81829420158,49.7419580265372,peak
Zhejiang,2038,2040-06-26_12:00,0.0,0.0,11419.097620480003,0.0,73921.90168846,0.0,3801.6749640002317,5570.376072953999,0.0,69227.68608,4694.21560846,0.0,2231.3190785087086,1570.3558854915232,-0.0,0.0,4951.492022399999,618.8840505539999,2.2737367544323206e-12,0.0,2355.5338282372836,0.0,94713.0503458943,1588.1424410014479,92375.30307316686,3925.8897137288077,0.0,0.0,87479.412010289,13679.90036155647,13679.90036155647,51.827011366429495,peak
Zhejiang,2038,2040-06-26_16:00,17100.0,0.0,11419.097620480003,0.0,38625.786876180005,-0.0,3801.6749640002317,6857.34695527,-0.0,36172.96032,2452.82655618,0.0,2231.3190785087086,1570.3558854915232,-0.0,0.0,6095.476912000001,761.87004327,0.0,0.0,0.0,2.842170943040401e-14,77803.90641593025,22773.764858855815,99622.7251282034,954.9461465826835,0.0,0.0,94342.7206964086,2931.9142320553756,2931.914232055377,57.97520641303505,peak
Zhejiang,2038,2040-06-26_20:00,36850.75489117181,0.0,11419.097620480003,0.0,0.0,-0.0,11444.387715491526,5615.711151665999,-0.0,0.0,0.0,0.0,9874.031830000002,1570.3558854915232,-0.0,0.0,4991.7902496,623.920902066,0.0,0.0,0.0,5.968558980384842e-13,65329.95137880937,23136.98260098399,88466.93397979335,0.0,0.0,0.0,83778.1864788643,0.0,-0.0,61.777994797465084,peak
Zhejiang,2038,2040-12-19_00:00,37067.44991573736,0.0,11419.097620480003,0.0,0.0,-0.0,888.3578242756627,1308.4103364359999,-0.0,0.0,0.0,0.0,521.4043232573031,366.95350101835965,-0.0,0.0,1163.0423616,145.367974836,0.0,0.0,550.4302515275396,-3.552713678800501e-15,50683.31569692906,35755.50723588159,85521.43918026474,917.3837525458991,0.0,0.0,80988.8029037107,2289.952768470499,2289.952768470499,61.77799479746508,typical
Zhejiang,2038,2040-12-19_04:00,22703.840136566363,0.0,11419.097620480003,0.0,0.0,-0.0,888.3578242756627,1157.0019973400003,-0.0,0.0,0.0,0.0,521.4043232573031,366.95350101835965,-0.0,0.0,1028.4559040000001,128.54609334000003,0.0,0.0,550.4302515275396,1.7763568394002505e-15,36168.29757866203,39376.191530708034,74627.10535682418,917.3837525458991,0.0,0.0,70671.8687729125,2956.0750431968872,2956.075043196888,59.48216858486944,typical
Zhejiang,2038,2040-12-19_08:00,7200.173978503153,0.0,11419.097620480003,0.0,46821.13980655999,0.0,888.3578242756627,952.1022202146002,0.0,43847.88912,2973.25068656,0.0,521.4043232573031,366.95350101835965,-0.0,0.0,846.3210537600002,105.78116645460001,-2.2737367544323206e-13,0.0,550.4302515275396,3.552713678800501e-15,67280.87145003346,27823.72943034816,94187.2171278357,917.3837525458991,0.0,0.0,89195.2946200604,4249.93795217889,4249.93795217889,57.592052919433655,typical
Zhejiang,2038,2040-12-19_12:00,0.0,0.0,11419.097620480003,0.0,64445.2910633,0.0,1433.829244708359,682.5312664114001,0.0,60352.86096,4092.4301033,0.0,521.4043232573031,912.4249214510562,-0.0,0.0,606.70017184,75.8310945714,-4.547473508864641e-13,0.0,1368.6373821765844,3.552713678800501e-15,77980.74919489984,26332.821743197776,102032.5086344698,2281.06230362764,0.0,0.0,96624.7856768429,5375.88048933012,5375.880489330119,56.88868175263917,typical
Zhejiang,2038,2040-12-19_16:00,46593.222372012024,0.0,11419.097620480003,0.0,7894.361634585999,-0.0,5673.0333494969445,739.4561393506,-0.0,7393.0510079999995,501.310626586,0.0,3649.8302628011234,2023.203086695821,-0.0,0.0,657.30053536,82.1556039906,-5.684341886080802e-14,0.0,0.0,-1.7763568394002505e-15,72319.17111592555,37718.42793564893,110037.5990515745,0.0,0.0,0.0,104205.606301841,280.574702243522,280.574702243522,61.77799479746508,typical
Zhejiang,2038,2040-12-19_20:00,60826.294688805,0.0,11419.097620480003,0.0,0.0,-0.0,888.3578242756627,1269.184461398,-0.0,0.0,0.0,0.0,521.4043232573031,366.95350101835965,-0.0,0.0,1128.1745888,141.009872598,0.0,0.0,550.4302515275396,0.0,74402.9345949587,24229.995465552147,97715.54630796495,917.3837525458991,0.0,0.0,92536.6223536428,2178.175755881499,2178.175755881499,61.77799479746508,typical
Zhejiang,2048,2050-06-12_00:00,17366.0,0.0,11419.097620479999,0.0,0.0,4952.249468942522,11239.567481707954,5031.658891840001,4952.249468942522,0.0,0.0,0.0,8987.511361105166,2252.0561206027883,4546.0245488,0.0,485.63434304,0.0,0.0,0.0,0.0,0.0,50008.5734629705,41634.963340160066,91643.53680313053,0.0,0.0,0.0,86786.4293525646,356.8807927069411,356.8807927069411,90.51426150487279,peak
Zhejiang,2048,2050-06-12_04:00,17366.0,0.0,11419.097620479999,0.0,0.0,0.0,3801.6749640002317,3019.880317440002,0.0,0.0,0.0,0.0,2231.3190785087086,1570.3558854915232,2670.35610464,0.0,349.52421280000004,0.0,0.0,9273.87541000472,0.0,0.0,35606.65290192025,44362.673407749986,79969.32630967023,0.0,0.0,0.0,75730.9520152577,37559.14222006515,37559.14222006515,90.51426150487283,peak
Zhejiang,2048,2050-06-12_08:00,0.0,0.0,11419.097620479999,0.0,21791.959728,0.0,5010.974242508709,4524.4912048000015,0.0,21791.959728,0.0,0.0,2231.3190785087086,2779.655164,3934.20358688,0.0,590.28761792,0.0,-1.3642420526593924e-12,9273.87541000472,4169.482746000001,7.105427357601002e-14,42746.522795788675,74406.1495895317,100929.6590653156,16223.01332000472,-0.0,0.0,95580.3871348539,226855.3523726527,226855.3523726527,13.795764651572878,peak
Zhejiang,2048,2050-06-12_12:00,0.0,0.0,11419.097620479999,0.0,42371.421120000006,0.0,5010.974242508709,5537.698591039998,0.0,42371.421120000006,0.0,0.0,2231.3190785087086,2779.655164,4596.74053664,0.0,940.9580544,0.0,-9.094947017729282e-13,9273.87541000472,4169.482746000001,0.0,64339.19157402875,61220.38167510905,109336.5599291331,16223.01332000472,-0.0,-0.0,103541.722252889,226855.3523726527,226855.3523726527,-0.0,peak
Zhejiang,2048,2050-06-12_16:00,0.0,0.0,11419.097620479999,0.0,31900.32888,-0.0,5010.974242508709,5690.29960464,-0.0,31900.32888,0.0,0.0,2231.3190785087086,2779.655164,4701.29081744,0.0,989.0087872000001,0.0,1.3642420526593924e-12,9273.87541000472,4169.482746000001,0.0,54020.70034762872,70843.13655562891,117914.6989932577,6949.1379099999995,-0.0,0.0,111665.219946615,107482.83676538481,107482.8367653848,34.26977850613192,peak
Zhejiang,2048,2050-06-12_20:00,17366.0,0.0,11419.097620479999,0.0,0.0,9273.87541000472,12128.749929070178,5067.539279039997,9273.87541000472,0.0,0.0,0.0,8863.041266964488,3265.7086621056883,4434.8524864,0.0,632.68679264,0.0,0.0,0.0,0.0,0.0,55255.26223859491,49455.303324226836,104710.5655628218,0.0,0.0,0.0,99160.9055879922,11022.468563776984,11022.46856377699,90.51426150487283,peak
Zhejiang,2048,2050-12-12_00:00,17366.0,0.0,11419.097620479999,0.0,0.0,0.0,888.3578242756627,44224.96905119997,0.0,0.0,0.0,0.0,521.4043232573031,366.95350101835965,38543.4648368,0.0,5681.504214400001,0.0,0.0,0.0,0.0,0.0,73898.42449595571,27548.96411367683,101224.2412103645,223.14739926792143,0.0,0.0,95859.3564262152,59087.72854984458,59087.72854984458,91.08753726726108,typical
Zhejiang,2048,2050-12-12_04:00,12350.0,0.0,11419.097620479999,0.0,0.0,0.0,888.3578242756627,46470.104912,0.0,0.0,0.0,0.0,521.4043232573031,366.95350101835965,40700.89932159999,0.0,5769.205590399998,0.0,0.0,9273.87541000472,550.4302515275396,7.275957614183426e-12,71127.5603567556,18119.39532392095,88329.57192813072,917.3837525458991,0.0,0.0,83648.1046159398,80924.95424961025,80924.95424961024,88.38709455045338,typical
Zhejiang,2048,2050-12-12_08:00,0.0,0.0,11419.097620479999,0.0,30927.036,0.0,888.3578242756627,42922.398758400006,0.0,30927.036,0.0,0.0,521.4043232573031,366.95350101835965,37808.1041184,0.0,5114.294639999999,0.0,0.0,9273.87541000472,550.4302515275396,0.0,86156.89020315566,29058.884353771595,111481.1639849145,3734.6105720127885,0.0,0.0,105572.662293714,126808.31071829081,126808.3107182908,81.32001889144556,typical
Zhejiang,2048,2050-12-12_12:00,0.0,0.0,11419.097620479999,0.0,52298.813279999995,0.0,888.3578242756627,40507.90447199999,0.0,52298.813279999995,0.0,0.0,521.4043232573031,366.95350101835965,35833.6524112,0.0,4674.2520608,0.0,1.8189894035458565e-12,9273.875410004715,550.4302515275396,0.0,105114.17319675573,25844.034748592214,120766.9487827973,10191.259162550616,0.0,0.0,114366.300497309,128687.44634862161,128687.4463486216,80.90489262639166,typical
Zhejiang,2048,2050-12-12_16:00,17366.0,0.0,11419.097620479999,0.0,3788.5663200000004,9273.87541000472,888.3578242756627,40073.59551999997,9273.87541000472,3788.5663200000004,0.0,0.0,521.4043232573031,366.95350101835965,35679.1089984,0.0,4394.486521600001,0.0,0.0,0.0,0.0,0.0,82809.49269476044,47432.3808678204,130241.8735625808,0.0,0.0,0.0,123339.054263764,28397.04382264943,28397.04382264943,90.51426150487282,typical
Zhejiang,2048,2050-12-12_20:00,46522.45236492371,0.0,11419.097620479999,0.0,0.0,0.0,4016.783763819483,35945.44932159999,0.0,0.0,0.0,0.0,3649.8302628011234,366.95350101835965,31725.7734752,0.0,4219.6758463999995,0.0,0.0,0.0,0.0,-3.069544618483633e-12,97903.78307082325,17753.555302903347,115657.3383737265,0.0,0.0,0.0,109527.499439919,66090.19242206188,66090.19242206188,91.57499394955877,typical
